policy,attacker_pass_rate,runs,impersonation_mean,false_rejection_mean,reanchors_mean,impersonation_lo,impersonation_hi
P2,0.0,102,0.6047794117647058,0.03145424836601308,0.0,0.5247089460784315,0.6817861519607842
P2,0.1,102,0.6425653594771242,0.03880718954248367,0.0,0.5653492647058824,0.7187551062091503
P2,0.25,102,0.6744281045751634,0.052287581699346414,0.0,0.5996680964052288,0.7465379901960785
P2,0.5,102,0.7426470588235294,0.0661764705882353,0.0,0.6740196078431374,0.8098498774509804
P2,1.0,102,0.8233251633986929,0.11683006535947711,0.0,0.7614276960784314,0.8776552287581699
P3,0.0,102,0.5982434640522876,0.040032679738562095,48.0,0.5191789215686274,0.6756587009803923
P3,0.1,102,0.6178513071895425,0.052287581699346414,52.85294117647059,0.5396190767973857,0.6950674019607843
P3,0.25,102,0.6372549019607843,0.05514705882352941,58.98039215686274,0.5602532679738563,0.7136488970588234
P3,0.5,102,0.6738153594771242,0.0784313725490196,70.98039215686275,0.5998723447712418,0.7477583741830063
P3,1.0,102,0.7444852941176471,0.1294934640522876,96.0,0.675653594771242,0.8133169934640523
