arm,policy,epoch,impersonation
legacy,P0,0,0.4006862745098039
legacy,P0,1,0.4006862745098039
legacy,P0,2,0.4006862745098039
legacy,P0,3,0.4006862745098039
legacy,P0,4,0.4006862745098039
legacy,P0,5,0.4006862745098039
legacy,P0,6,0.4006862745098039
legacy,P0,7,0.4006862745098039
legacy,P0,8,0.4006862745098039
legacy,P0,9,0.4006862745098039
legacy,P0,10,0.4006862745098039
legacy,P0,11,0.4006862745098039
legacy,P0,12,0.4006862745098039
legacy,P0,13,0.4006862745098039
legacy,P0,14,0.4006862745098039
legacy,P0,15,0.4006862745098039
legacy,P0,16,0.4006862745098039
legacy,P0,17,0.4006862745098039
legacy,P0,18,0.4006862745098039
legacy,P0,19,0.4006862745098039
legacy,P1,0,0.5400490196078431
legacy,P1,1,0.5914705882352941
legacy,P1,2,0.6204901960784314
legacy,P1,3,0.6304411764705883
legacy,P1,4,0.6224509803921568
legacy,P1,5,0.6911274509803922
legacy,P1,6,0.7176470588235294
legacy,P1,7,0.7375980392156862
legacy,P1,8,0.74
legacy,P1,9,0.7426470588235294
legacy,P1,10,0.7640686274509804
legacy,P1,11,0.7706862745098039
legacy,P1,12,0.7790686274509804
legacy,P1,13,0.7792156862745099
legacy,P1,14,0.7839705882352942
legacy,P1,15,0.8145098039215686
legacy,P1,16,0.823186274509804
legacy,P1,17,0.8294607843137255
legacy,P1,18,0.8357843137254902
legacy,P1,19,0.8380882352941177
legacy,P2,0,0.5425980392156863
legacy,P2,1,0.5868627450980393
legacy,P2,2,0.6068627450980392
legacy,P2,3,0.6081862745098039
legacy,P2,4,0.6133333333333334
legacy,P2,5,0.6723039215686275
legacy,P2,6,0.6911764705882353
legacy,P2,7,0.7025490196078431
legacy,P2,8,0.7004901960784314
legacy,P2,9,0.7045588235294117
legacy,P2,10,0.7200980392156863
legacy,P2,11,0.7251470588235295
legacy,P2,12,0.7300980392156863
legacy,P2,13,0.722107843137255
legacy,P2,14,0.725392156862745
legacy,P2,15,0.7354411764705883
legacy,P2,16,0.7403921568627451
legacy,P2,17,0.7363235294117647
legacy,P2,18,0.7372549019607844
legacy,P2,19,0.7349509803921569
legacy,P3,0,0.4356862745098039
legacy,P3,1,0.46098039215686276
legacy,P3,2,0.4847549019607843
legacy,P3,3,0.5016666666666667
legacy,P3,4,0.5161274509803921
legacy,P3,5,0.5356372549019608
legacy,P3,6,0.5525
legacy,P3,7,0.5798529411764706
legacy,P3,8,0.6258333333333334
legacy,P3,9,0.6665686274509803
legacy,P3,10,0.6775
legacy,P3,11,0.6889705882352942
legacy,P3,12,0.7001470588235295
legacy,P3,13,0.7101470588235295
legacy,P3,14,0.7173039215686275
legacy,P3,15,0.722843137254902
legacy,P3,16,0.7289215686274509
legacy,P3,17,0.7319117647058824
legacy,P3,18,0.7335294117647058
legacy,P3,19,0.7352941176470589
production,P0,0,0.4006862745098039
production,P0,1,0.4006862745098039
production,P0,2,0.4006862745098039
production,P0,3,0.4006862745098039
production,P0,4,0.4006862745098039
production,P0,5,0.4006862745098039
production,P0,6,0.4006862745098039
production,P0,7,0.4006862745098039
production,P0,8,0.4006862745098039
production,P0,9,0.4006862745098039
production,P0,10,0.4006862745098039
production,P0,11,0.4006862745098039
production,P0,12,0.4006862745098039
production,P0,13,0.4006862745098039
production,P0,14,0.4006862745098039
production,P0,15,0.4006862745098039
production,P0,16,0.4006862745098039
production,P0,17,0.4006862745098039
production,P0,18,0.4006862745098039
production,P0,19,0.4006862745098039
production,P1,0,0.5358333333333334
production,P1,1,0.6441176470588236
production,P1,2,0.7075490196078431
production,P1,3,0.7295098039215686
production,P1,4,0.7321078431372549
production,P1,5,0.8384313725490196
production,P1,6,0.8651960784313726
production,P1,7,0.8715686274509804
production,P1,8,0.870735294117647
production,P1,9,0.8723529411764707
production,P1,10,0.8951960784313726
production,P1,11,0.9023039215686274
production,P1,12,0.9007352941176471
production,P1,13,0.8987254901960785
production,P1,14,0.8983823529411765
production,P1,15,0.904264705882353
production,P1,16,0.9125490196078431
production,P1,17,0.9079901960784313
production,P1,18,0.9057352941176471
production,P1,19,0.9074509803921569
production,P2,0,0.5337745098039216
production,P2,1,0.6356372549019608
production,P2,2,0.6837745098039216
production,P2,3,0.7027450980392156
production,P2,4,0.7099509803921569
production,P2,5,0.805
production,P2,6,0.836421568627451
production,P2,7,0.8398529411764707
production,P2,8,0.8400980392156863
production,P2,9,0.8442156862745098
production,P2,10,0.8742156862745099
production,P2,11,0.8830882352941177
production,P2,12,0.8804411764705882
production,P2,13,0.8774509803921569
production,P2,14,0.879656862745098
production,P2,15,0.8855882352941177
production,P2,16,0.8972058823529412
production,P2,17,0.8919117647058823
production,P2,18,0.892107843137255
production,P2,19,0.886764705882353
production,P3,0,0.4344607843137255
production,P3,1,0.46779411764705886
production,P3,2,0.49382352941176466
production,P3,3,0.5217156862745098
production,P3,4,0.5466666666666666
production,P3,5,0.5805882352941176
production,P3,6,0.6188235294117647
production,P3,7,0.6715686274509803
production,P3,8,0.7307843137254902
production,P3,9,0.7873529411764706
production,P3,10,0.8063235294117648
production,P3,11,0.8219607843137255
production,P3,12,0.8357843137254902
production,P3,13,0.8508333333333333
production,P3,14,0.8670588235294118
production,P3,15,0.8712745098039216
production,P3,16,0.8777941176470588
production,P3,17,0.8841176470588236
production,P3,18,0.8867156862745097
production,P3,19,0.8909803921568628
recalculated,P0,0,0.4006862745098039
recalculated,P0,1,0.4006862745098039
recalculated,P0,2,0.4006862745098039
recalculated,P0,3,0.4006862745098039
recalculated,P0,4,0.4006862745098039
recalculated,P0,5,0.4006862745098039
recalculated,P0,6,0.4006862745098039
recalculated,P0,7,0.4006862745098039
recalculated,P0,8,0.4006862745098039
recalculated,P0,9,0.4006862745098039
recalculated,P0,10,0.4006862745098039
recalculated,P0,11,0.4006862745098039
recalculated,P0,12,0.4006862745098039
recalculated,P0,13,0.4006862745098039
recalculated,P0,14,0.4006862745098039
recalculated,P0,15,0.4006862745098039
recalculated,P0,16,0.4006862745098039
recalculated,P0,17,0.4006862745098039
recalculated,P0,18,0.4006862745098039
recalculated,P0,19,0.4006862745098039
recalculated,P1,0,0.5358333333333334
recalculated,P1,1,0.6441176470588236
recalculated,P1,2,0.7075490196078431
recalculated,P1,3,0.7295098039215686
recalculated,P1,4,0.7321078431372549
recalculated,P1,5,0.8384313725490196
recalculated,P1,6,0.8651960784313726
recalculated,P1,7,0.8715686274509804
recalculated,P1,8,0.870735294117647
recalculated,P1,9,0.8723529411764707
recalculated,P1,10,0.8951960784313726
recalculated,P1,11,0.9023039215686274
recalculated,P1,12,0.9007352941176471
recalculated,P1,13,0.8987254901960785
recalculated,P1,14,0.8983823529411765
recalculated,P1,15,0.904264705882353
recalculated,P1,16,0.9125490196078431
recalculated,P1,17,0.9079901960784313
recalculated,P1,18,0.9057352941176471
recalculated,P1,19,0.9074509803921569
recalculated,P2,0,0.5337745098039216
recalculated,P2,1,0.6356372549019608
recalculated,P2,2,0.6837745098039216
recalculated,P2,3,0.7027450980392156
recalculated,P2,4,0.7099509803921569
recalculated,P2,5,0.805
recalculated,P2,6,0.836421568627451
recalculated,P2,7,0.8398529411764707
recalculated,P2,8,0.8400980392156863
recalculated,P2,9,0.8442156862745098
recalculated,P2,10,0.8742156862745099
recalculated,P2,11,0.8830882352941177
recalculated,P2,12,0.8804411764705882
recalculated,P2,13,0.8774509803921569
recalculated,P2,14,0.879656862745098
recalculated,P2,15,0.8855882352941177
recalculated,P2,16,0.8972058823529412
recalculated,P2,17,0.8919117647058823
recalculated,P2,18,0.892107843137255
recalculated,P2,19,0.886764705882353
recalculated,P3,0,0.42205882352941176
recalculated,P3,1,0.444656862745098
recalculated,P3,2,0.4622058823529412
recalculated,P3,3,0.47955882352941176
recalculated,P3,4,0.49519607843137253
recalculated,P3,5,0.5195588235294117
recalculated,P3,6,0.5456862745098039
recalculated,P3,7,0.6119117647058824
recalculated,P3,8,0.6938725490196079
recalculated,P3,9,0.7637254901960785
recalculated,P3,10,0.7781372549019608
recalculated,P3,11,0.7907843137254902
recalculated,P3,12,0.8102941176470588
recalculated,P3,13,0.8205882352941177
recalculated,P3,14,0.8375
recalculated,P3,15,0.8422058823529411
recalculated,P3,16,0.8507843137254902
recalculated,P3,17,0.8612745098039215
recalculated,P3,18,0.8607843137254901
recalculated,P3,19,0.8645588235294118
