component,usage,unit,unit_price_usd,cost_usd,per_1000_sessions_usd
lambda_requests,2660.0,request,2.0000000000000002e-07,0.000532,0.002128
lambda_gb_seconds,54.1999,GB-second (arm64),1.33334e-05,0.00072267,0.002891
api_requests,1001.0,HTTP API request,1e-06,0.001001,0.004004
state_transitions,1076.0,Standard state transition,2.5e-05,0.0269,0.1076
dynamodb_write_units,9376.0,on-demand write request unit,7.115e-07,0.00667102,0.026684
dynamodb_read_units,10773.5,on-demand read request unit,1.423e-07,0.00153307,0.006132
events_published,1138.0,custom event,1e-06,0.001138,0.004552
s3_puts,1138.0,PUT request,5e-06,0.00569,0.02276
sns_publishes,50.0,publish,5e-07,2.5e-05,0.0001
log_gigabytes,0.0014,GB ingested,0.67,0.00091541,0.003662
xray_traces,2660.0,trace recorded,5e-06,0.0133,0.0532
total,250,sessions,,0.05842817,0.233713
