day,subject,role,transfers_sent,money_sent,siphon_score,volume,regularity,band,identity,edge_flagged,payee_risk,payee_flagged,probe_action,probe_risk,probe_payee_contribution,probe_constraints,decision_id,session_id,transfer_status
1,s002,victim,1,900.0,0.036716,0.122385,0.0,0.0,0.0,False,1.0,True,block,90.61,0.6108,,a0e84ed71388418a8071cbac615a909d,sim-8910f7c2cb241d362cbab82ba4385ad8,blocked
1,s003,victim,1,900.0,0.035364,0.117881,0.0,0.0,0.0,False,1.0,True,step_up,43.37,0.6108,,5b84974298fd4543a09336cde764a532,sim-6b0a581b4f8895c53e1ed7495140b267,awaiting_step_up
1,s004,victim,1,900.0,0.035221,0.117402,0.0,0.0,0.0,False,1.0,True,step_up,55.46,0.6108,,433dcd56b6f04abca967278a9ae870ed,sim-807ddd3120c13139004eece02355032e,awaiting_step_up
1,s005,victim,1,900.0,0.051597,0.171989,0.0,0.0,0.0,False,1.0,True,monitor,26.57,0.6108,,3b5a4f60202146899a57a97ad929775a,sim-db2276df1da2ca9343ce4dc9f727962d,processing
1,s007,victim,1,900.0,0.045259,0.150865,0.0,0.0,0.0,False,1.0,True,step_up,60.24,0.6108,,8192b50a22984a88b573f3245441280d,sim-698a4b6fdb76896c9dd8a84c30b66810,awaiting_step_up
1,s008,control,1,900.0,0.041997,0.139989,0.0,0.0,0.0,False,0.041997,False,step_up,58.41,0.2588,,7aee6a54c3c04daca15e96ea539de610,sim-d134edac5e6f423f0f078a0d7feb0127,awaiting_step_up
1,s010,control,1,900.0,0.034987,0.116622,0.0,0.0,0.0,False,0.034987,False,step_up,58.93,0.2562,,1778ebf0ee374a12b3785a4ace6d0b81,sim-036f900a197be5b8731e857fc2b64a94,awaiting_step_up
1,s011,control,1,900.0,0.042164,0.140548,0.0,0.0,0.0,False,0.042164,False,step_up,63.78,0.2589,friction_ceiling,9ee558c451f54902bdf9620b3b932198,sim-6dc66b5fe9bf8e9c92ddc449b7a99659,awaiting_step_up
2,s002,victim,1,900.0,0.036049,0.120165,0.0,0.0,0.0,False,1.0,True,block,90.61,0.6108,,3da550cce1524f8ba3d6614e53d5440f,sim-6bddfc5514ac1534b59c4d9bdde08df7,blocked
2,s003,victim,1,900.0,0.035364,0.117881,0.0,0.0,0.0,False,1.0,True,step_up,43.0,0.6108,,3e7a6ac2831a4cce9b57dfa6d65bbfdb,sim-915a952d6c16325992288f1fb3849707,awaiting_step_up
2,s004,victim,1,900.0,0.033488,0.111627,0.0,0.0,0.0,False,1.0,True,step_up,44.6,0.6108,,e106a150d5e1467db5dc5fa888c6e978,sim-b6eb3de1ab932d41eb7dede7e2111a70,awaiting_step_up
2,s005,victim,1,900.0,0.051597,0.171989,0.0,0.0,0.0,False,1.0,True,monitor,24.45,0.6108,,f2afa1b6fc024b58bb35a36e80afa85c,sim-ffe525ed6605b69105d96fe8a0b01b16,processing
2,s007,victim,1,900.0,0.045259,0.150865,0.0,0.0,0.0,False,1.0,True,step_up,57.58,0.6108,,1046eaf860704cef94b3bdab79c018d6,sim-eb38cca43bf81343c37a5ae779f23087,awaiting_step_up
2,s008,control,1,900.0,0.041997,0.139989,0.0,0.0,0.0,False,0.041997,False,step_up,66.19,0.2588,friction_ceiling,6ab24d7a67b64b2594249382d1e3bf66,sim-c901e9eb7708cb51a7b08b447dcfd501,awaiting_step_up
2,s010,control,1,900.0,0.034987,0.116622,0.0,0.0,0.0,False,0.034987,False,step_up,48.23,0.2562,,38026ca2f4c746b994bde02f044f2273,sim-728205a009df69cdaa7abb8f449cd899,awaiting_step_up
2,s011,control,1,900.0,0.042164,0.140548,0.0,0.0,0.0,False,0.042164,False,step_up,61.38,0.2589,,62eb5e3be3db42dc8b6420176bbcb0aa,sim-612509a6b9da53c3e31b1410dc452ed1,awaiting_step_up
3,s002,victim,2,1800.0,0.443025,0.308249,0.0,0.0,0.876377,False,1.0,True,block,91.25,0.6108,,cb516b9133cf49b19b892e4d268a7065,sim-fab2a27e1e22caa7ef24cb6fa1f38a11,blocked
3,s003,victim,2,1800.0,0.242214,0.235763,0.0,0.0,0.428712,False,1.0,True,step_up,42.87,0.6108,,81d2a2bd9e0f40d2a8e594f449b0ad71,sim-91228424b0131f3d333680519c7e79f9,awaiting_step_up
3,s004,victim,2,1800.0,0.468665,0.228883,0.0,0.0,1.0,False,1.0,True,step_up,47.38,0.6108,,e9f062a36b5b47e4a6c5cf524d287bcd,sim-ad67ac2b1e0ddb799cc28cac9206a9c8,awaiting_step_up
3,s005,victim,2,1800.0,0.505825,0.352749,0.0,0.0,1.0,False,1.0,True,monitor,24.64,0.6108,,64b0e978ce074ae3a62aff7b9f7e6a41,sim-50f50d913e5c0f6ee237d1c830363ecd,processing
3,s007,victim,2,1800.0,0.091051,0.303505,0.0,0.0,0.0,False,1.0,True,step_up,63.02,0.6108,,b014c096087e4285b05816b5814bb330,sim-dc431979899fb18b2d8b82b437445dea,awaiting_step_up
3,s008,control,2,1800.0,0.085622,0.285406,0.0,0.0,0.0,False,0.085622,False,step_up,74.55,0.2748,friction_ceiling,7e0cfb7ebbc949a280bbe266f45665aa,sim-083271308be0adf8a7514a7d2bc839f5,awaiting_step_up
3,s010,control,2,1800.0,0.07074,0.2358,0.0,0.0,0.0,False,0.07074,False,step_up,60.49,0.2694,,40689267e917428aa22c0a05612f0136,sim-2bd6357d7d2efd8405c024dedf330ec8,awaiting_step_up
3,s011,control,2,1800.0,0.084763,0.282542,0.0,0.0,0.0,False,0.084763,False,step_up,57.98,0.2745,,2d3890a87c73462aac452eec375f52c2,sim-b827893066d1ce0d44c63cf6a80830c0,awaiting_step_up
4,s002,victim,2,1800.0,0.443025,0.308249,0.0,0.0,0.876377,False,1.0,True,block,91.25,0.6108,,9f1797b6855446408d9807082085861c,sim-c262701d25ca6eaad398ddd360fe0acb,blocked
4,s003,victim,2,1800.0,0.242214,0.235763,0.0,0.0,0.428712,False,1.0,True,step_up,43.87,0.6108,,2a36021e051c41d89ceddc356ec6e882,sim-120a3299e9eed2a0ccb280fca649ce88,awaiting_step_up
4,s004,victim,2,1800.0,0.468665,0.228883,0.0,0.0,1.0,False,1.0,True,step_up,59.65,0.6108,,bd57af726f6c4e65af1b01716b1966fa,sim-7132dbea3a93369e40ea0995b91e697e,awaiting_step_up
4,s005,victim,2,1800.0,0.505825,0.352749,0.0,0.0,1.0,False,1.0,True,step_up,37.76,0.6108,,e615e04452894ee9b8b5386757b94f36,sim-4c534f731fb814750c5928a1f0c12905,awaiting_step_up
4,s007,victim,2,1800.0,0.091051,0.303505,0.0,0.0,0.0,False,1.0,True,step_up,60.11,0.6108,,755ea44b4bbc494eab148efcacbc76b3,sim-21f695100c644fc54889472d9e6c7a82,awaiting_step_up
4,s008,control,2,1800.0,0.083993,0.279977,0.0,0.0,0.0,False,0.083993,False,step_up,41.49,0.2742,,58130384299a4cf3a86a854b1d075bed,sim-8665ee3f6a63389c14611b2e87a60036,awaiting_step_up
4,s010,control,2,1800.0,0.07074,0.2358,0.0,0.0,0.0,False,0.07074,False,step_up,49.01,0.2694,,2f63143bc23246c9b042accaf7f6fbb4,sim-44cb79c55e9ae6d94ffb61bef0fce667,awaiting_step_up
4,s011,control,2,1800.0,0.084763,0.282542,0.0,0.0,0.0,False,0.084763,False,step_up,58.54,0.2745,,b5a8ddbbe59d4928b10b6278a19254bc,sim-540e1682a4c6771a03273002265887de,awaiting_step_up
5,s002,victim,3,2700.0,0.701498,0.462566,1.0,0.0,0.906821,True,1.0,True,block,91.72,0.6108,,e737dd86009c4712be94ddb93ffaf8d6,sim-9321afd0c4e339ec1157028a2399ed31,blocked
5,s003,victim,3,2700.0,0.534118,0.358683,1.0,0.0,0.566283,True,1.0,True,step_up,44.16,0.6108,,f9deb9cfec46479db094ebed9b3751ad,sim-a58f14593ebe4d6ded35100b04489ad8,awaiting_step_up
5,s004,victim,3,2700.0,0.705662,0.352206,1.0,0.0,1.0,True,1.0,True,step_up,44.62,0.6108,,39c2b934ca644c869425c793ad40de56,sim-f144c495a5af26a46574b048a398eb26,awaiting_step_up
5,s005,victim,3,2700.0,0.758772,0.529239,1.0,0.0,1.0,True,1.0,True,monitor,32.59,0.6108,,ffc35ade683d4f0caf89e4513a4a5efe,sim-bf254225ca773eb2b3b98ff650dd93fb,processing
5,s007,victim,3,2700.0,0.337386,0.457952,1.0,0.0,0.0,False,1.0,True,step_up,58.7,0.6108,,029a72644fbf4c65aa570d36a63556fa,sim-f871b4ec54b7a3d649fe14e0f686bd5a,awaiting_step_up
5,s008,control,3,2700.0,0.32599,0.419966,1.0,0.0,0.0,False,0.32599,False,step_up,84.41,0.3631,friction_ceiling,0a3cbee9485d4b3d9ca8f867b5062e2d,sim-96ecdf6d257bd48acd795bee222f048d,awaiting_step_up
5,s010,control,3,2700.0,0.30611,0.353699,1.0,0.0,0.0,False,0.30611,False,step_up,54.35,0.3558,,d45eab3d01c943788aa5b8856e224ebb,sim-18fe1f93a7e7ac0ce5a7456bb9a298ec,awaiting_step_up
5,s011,control,3,2700.0,0.327801,0.426004,1.0,0.0,0.0,False,0.327801,False,step_up,57.75,0.3638,,5ef97e7958d94accb9ad07db5c713624,sim-c05881865f2795a4ed22162b9c66c809,awaiting_step_up
6,s002,victim,3,2700.0,0.70852,0.485971,1.0,0.0,0.906821,True,1.0,True,block,90.06,0.6108,,4813bddd375b452db36fd517b6dc77fa,sim-bd102ff5eade5b33c7a798a80efd1701,blocked
6,s003,victim,3,2700.0,0.532607,0.353644,1.0,0.0,0.566283,True,1.0,True,step_up,36.59,0.6108,,a522ab767d22433c94ffa800bdaf17f8,sim-e96728f390365ced7266341b77f999d9,awaiting_step_up
6,s004,victim,3,2700.0,0.707468,0.358227,1.0,0.0,1.0,True,1.0,True,step_up,41.8,0.6108,,98f045e4cc3443c398a5ae77b7531349,sim-07e1e4688756dc2c6295b1caddea1598,awaiting_step_up
6,s005,victim,3,2700.0,0.758772,0.529239,1.0,0.0,1.0,True,1.0,True,monitor,32.96,0.6108,,33ea7f71eec743f5bcb348b937e70f19,sim-e2f8cd7814fbf19dd49ae108f0c06371,processing
6,s007,victim,3,2700.0,0.337386,0.457952,1.0,0.0,0.0,False,1.0,True,restrict,63.97,0.6108,,91c3431798ac43238d17218174ca0373,sim-8ee80f8630ff2f824a9aab0081df22c8,under_review
6,s008,control,3,2700.0,0.32599,0.419966,1.0,0.0,0.0,False,0.32599,False,step_up,75.91,0.3631,friction_ceiling,f0ccf660f499441285f2ff1440dcc84a,sim-c6031a730bb96012fdcd559abb4b56ec,awaiting_step_up
6,s010,control,3,2700.0,0.30611,0.353699,1.0,0.0,0.0,False,0.30611,False,step_up,61.18,0.3558,,87138494d44f4275909746d1967aa8df,sim-2939ea24b1c919feeb0e80c327f18dad,awaiting_step_up
6,s011,control,3,2700.0,0.327801,0.426004,1.0,0.0,0.0,False,0.327801,False,step_up,62.97,0.3638,,c7134f9f20c6449188f0f522616d1188,sim-a0ba163d7330915ecd4eed97a2ae8ae5,awaiting_step_up
7,s002,victim,4,3600.0,0.783465,0.652409,1.0,0.0,0.969356,True,1.0,True,block,91.98,0.6108,,f0d9ae4433b74bd2ba9d29b9d8d873b3,sim-514482beda80949e0ae713c3bbf71e28,blocked
7,s003,victim,4,3600.0,0.581687,0.478243,1.0,0.0,0.595535,True,1.0,True,step_up,47.25,0.6108,,f605b92fbbe9448e85d30663efcef6b2,sim-f774f0c1d497e76a34f6ad42286ab073,awaiting_step_up
7,s004,victim,4,3600.0,0.748492,0.494973,1.0,0.0,1.0,True,1.0,True,step_up,60.19,0.6108,,982c702bd866416bac2c4406e81eded9,sim-32c5bf7718d8b96e297fd839bb501d8e,awaiting_step_up
7,s005,victim,4,3600.0,0.811742,0.705808,1.0,0.0,1.0,True,1.0,True,monitor,32.58,0.6108,,f9d47c11b27545d4a6310aaae63fd628,sim-31e12b183816f37a33cb5f0ef1303647,processing
7,s007,victim,4,3600.0,0.384272,0.614239,1.0,0.0,0.0,False,1.0,True,step_up,53.36,0.6108,,3279692fa4b34ebd8fc9878aa0349372,sim-e29485c4bc115e38a1f6317ef1bc442f,awaiting_step_up
7,s008,control,4,3600.0,0.371244,0.570813,1.0,0.0,0.0,False,0.371244,False,step_up,70.12,0.3798,friction_ceiling,cf9e03c1fa6a402eb2503b962f8101e6,sim-e51681622df5a4b3212f5ff21944fd4b,awaiting_step_up
7,s010,control,4,3600.0,0.343047,0.476822,1.0,0.0,0.0,False,0.343047,False,step_up,48.67,0.3694,,ae729c4555f1436282cdb11bd1dfeb45,sim-69d22ce2181869c6da09974510d6654a,awaiting_step_up
7,s011,control,4,3600.0,0.371287,0.570958,1.0,0.0,0.0,False,0.371287,False,step_up,61.39,0.3798,,25f7ad19a1de47b582bc37aee257f093,sim-1d56fac7ed05d10b1a9d4e9875e8e898,awaiting_step_up
8,s002,victim,4,3600.0,0.783465,0.652409,1.0,0.0,0.969356,True,1.0,True,block,91.31,0.6108,,07fbfd3edb1247e5bdfc8c86efdb9a42,sim-1c8609e6cf5139e620c6f3da45433807,blocked
8,s003,victim,4,3600.0,0.581687,0.478243,1.0,0.0,0.595535,True,1.0,True,step_up,48.21,0.6108,,c300861d08c24c91a34a550e6a3754ed,sim-0230b3488066fdc126ad5845923b9530,awaiting_step_up
8,s004,victim,4,3600.0,0.748492,0.494973,1.0,0.0,1.0,True,1.0,True,step_up,56.27,0.6108,,4e102de257a64e299b21e7e59c9e1669,sim-f8bceff247e1a78c736c960ac15d1aed,awaiting_step_up
8,s005,victim,4,3600.0,0.815289,0.717631,1.0,0.0,1.0,True,1.0,True,step_up,36.61,0.6108,,be32fd147a1c496b9ce95321accc0895,sim-105bde98af1ea8999e12958e28cd6a26,awaiting_step_up
8,s007,victim,4,3600.0,0.390814,0.636046,1.0,0.0,0.0,False,1.0,True,step_up,61.57,0.6108,,8ade75f686a943278dcbfaea285f7384,sim-78358f40cc680d2a908fd00fe3619f0a,awaiting_step_up
8,s008,control,4,3600.0,0.371244,0.570813,1.0,0.0,0.0,False,0.371244,False,step_up,82.56,0.3798,friction_ceiling,f3675c1ac05345eba8264402e1f7dc05,sim-c71739530dff81a9af6f26c13fc5b37a,awaiting_step_up
8,s010,control,4,3600.0,0.343047,0.476822,1.0,0.0,0.0,False,0.343047,False,step_up,61.08,0.3694,,1e4394c7a005425186a963a5fc08e1aa,sim-0d8f4b328ac6d9694694dfd4ddb39eae,awaiting_step_up
8,s011,control,4,3600.0,0.369525,0.565084,1.0,0.0,0.0,False,0.369525,False,step_up,60.24,0.3791,,9bbbad707df4454aadef0bef064248bc,sim-b38ec2a398fcd2c54b9f58f6c28f6196,awaiting_step_up
9,s002,victim,5,4500.0,0.846345,0.821148,1.0,0.0,1.0,True,1.0,True,block,92.3,0.6108,,1470b9d9946e401e9f335b7e9f74fa9c,sim-acb4f9fe207a4f344734e3187589a9d4,blocked
9,s003,victim,5,4500.0,0.682496,0.606444,1.0,0.0,0.751407,True,1.0,True,step_up,47.89,0.6108,,3aed76b888be425481d3affdca16686a,sim-3decf8a5cc1995bdef5ba78d5c7f7ce9,awaiting_step_up
9,s004,victim,5,4500.0,0.792606,0.642019,1.0,0.0,1.0,True,1.0,True,restrict,67.95,0.6108,,1c9de86d4fa0412d8345d144ab39eb8c,sim-ce43d5af25f2646d916a9bb275616e1c,under_review
9,s005,victim,5,4500.0,0.869681,0.898936,1.0,0.0,1.0,True,1.0,True,step_up,37.36,0.6108,,c6ca39764c2044ddba776e1377aa2ecc,sim-620de8221f13b7a8c2166226ea1f4f46,awaiting_step_up
9,s007,victim,5,4500.0,0.438517,0.795058,1.0,0.0,0.0,False,1.0,True,step_up,62.71,0.6108,,659ca1cd662f4d089af6fd14940004ec,sim-dee54be555e581f9b647bd883cb78906,awaiting_step_up
9,s008,control,5,4500.0,0.418288,0.727626,1.0,0.0,0.0,False,0.418288,False,step_up,75.87,0.3971,friction_ceiling,cb1cebbf16614deaa566a40c0db89bd3,sim-de47f7594c772177e52d2e397706a0dc,awaiting_step_up
9,s010,control,5,4500.0,0.378808,0.596028,1.0,0.0,0.0,False,0.378808,False,step_up,54.4,0.3825,,e97eabdf28b3490dbcc0408c8c2e5e3a,sim-8301ef73816e9b0949e1518681aadcf8,awaiting_step_up
9,s011,control,5,4500.0,0.413002,0.710007,1.0,0.0,0.0,False,0.413002,False,step_up,61.71,0.3951,,e6887e31a2294b4c969e13eb2495e9ec,sim-fda74447c1c0580a2471010a3d19249b,awaiting_step_up
10,s002,victim,5,4500.0,0.846345,0.821148,1.0,0.0,1.0,True,1.0,True,block,92.3,0.6108,,71275b31439d45b6ac9a9778dc83318c,sim-1fbc12c22ab7459fd200f316aecbd9d5,blocked
10,s003,victim,5,4500.0,0.682496,0.606444,1.0,0.0,0.751407,True,1.0,True,step_up,44.75,0.6108,,d6e9d34a7f374146a781a73cd21fc452,sim-e895597e48b1c60dac23bbf86f7ee06d,awaiting_step_up
10,s004,victim,5,4500.0,0.792606,0.642019,1.0,0.0,1.0,True,1.0,True,step_up,49.61,0.6108,,bf9893c9a35049f1a46041403cb273de,sim-d9c03fdf13b8fa18203eb0ba03f429c2,awaiting_step_up
10,s005,victim,5,4500.0,0.88558,0.951932,1.0,0.0,1.0,True,1.0,True,monitor,36.29,0.6108,,42cfce50a2284a2cbc2dfe70621c12e3,sim-e341663cea5f554bbd69dc204b38385a,processing
10,s007,victim,5,4500.0,0.438517,0.795058,1.0,0.0,0.0,False,1.0,True,restrict,64.45,0.6108,,c06561c21ed84767b654a6cfe51a8c01,sim-50954a1f99e9e7a2cbf2688c6721a7fc,under_review
10,s008,control,5,4500.0,0.418288,0.727626,1.0,0.0,0.0,False,0.418288,False,step_up,76.28,0.3971,friction_ceiling,e093be4c8fd74caf9eeb17e9c2fd8dea,sim-3e83d8ac80ceface8e0fc14fc0c164d1,awaiting_step_up
10,s010,control,5,4500.0,0.378808,0.596028,1.0,0.0,0.0,False,0.378808,False,step_up,56.85,0.3825,,fe19bc2d26e144fc945def38e4337340,sim-fc0dcf9c186a990715a522cd6746fd70,awaiting_step_up
10,s011,control,5,4500.0,0.411906,0.706355,1.0,0.0,0.0,False,0.411906,False,step_up,55.62,0.3947,,b1e22a54b60546af85676eedf1943b57,sim-13abc6c814c958a6244c454ddd6d6bdf,awaiting_step_up
11,s002,victim,6,5400.0,0.897671,0.992236,1.0,0.0,1.0,True,1.0,True,block,92.6,0.6108,,6cf600cbbef1463ca2a4cc369b283e3f,sim-5fa98e8e6ce717250945da156efdaf76,blocked
11,s003,victim,6,5400.0,0.730383,0.738405,1.0,0.0,0.772153,True,1.0,True,step_up,51.65,0.6108,,fb8c71c2fc3a4d21a04ae5213c33f465,sim-d742cfcec930bc52791ec2f8fbed573b,awaiting_step_up
11,s004,victim,6,5400.0,0.840172,0.800575,1.0,0.0,1.0,True,1.0,True,step_up,63.01,0.6108,,947cd48641c74dcb91dcdd284c31cf6d,sim-0f70e74150576ca536fe8dff654a0e38,awaiting_step_up
11,s005,victim,6,5400.0,0.9,1.0,1.0,0.0,1.0,True,1.0,True,monitor,29.99,0.6108,,34d6ac30868a439fb76e5d8ac413a14d,sim-052705613a5055f85a54838fff7a23a4,processing
11,s007,victim,6,5400.0,0.486221,0.95407,1.0,0.0,0.0,False,1.0,True,step_up,58.41,0.6108,,b598dd68340f45629d8257fd29235d7d,sim-d0346655a66edc7f8772bc5e445ca2e3,awaiting_step_up
11,s008,control,6,5400.0,0.467229,0.890765,1.0,0.0,0.0,False,0.467229,False,step_up,81.65,0.415,friction_ceiling,4a53f26b34e74b499fdf851f1541b1ca,sim-4181e0b87ffc1113c8e20bfdaca7dbfe,awaiting_step_up
11,s010,control,6,5400.0,0.416973,0.723244,1.0,0.0,0.0,False,0.416973,False,step_up,66.75,0.3966,friction_ceiling,a60b3279d08944b6b5cc495ebbde5131,sim-d351d83b54a9ccb202db4d45c2fe0523,awaiting_step_up
11,s011,control,6,5400.0,0.455603,0.852008,1.0,0.0,0.0,False,0.455603,False,step_up,65.03,0.4108,friction_ceiling,b74009b8ee394d14b9c9da47c9259552,sim-b7b9e9b545449296734ca78bfb68f5eb,awaiting_step_up
12,s002,victim,6,5400.0,0.895613,0.985378,1.0,0.0,1.0,True,1.0,True,block,92.43,0.6108,,086154a8425d4a8fa815c61352a0fa3b,sim-f623e3a9cd172daac7f5f584161e66d8,blocked
12,s003,victim,6,5400.0,0.730383,0.738405,1.0,0.0,0.772153,True,1.0,True,step_up,54.31,0.6108,,85d7f49cd5f34e8a873ebc60319ebd49,sim-79943c87cf3112a2d8be6f2a2962b117,awaiting_step_up
12,s004,victim,6,5400.0,0.840172,0.800575,1.0,0.0,1.0,True,1.0,True,restrict,63.98,0.6108,,8cb1189c6b6045c6ae0782e49447288c,sim-2f8036826b92363e05ada21ffee65363,under_review
12,s005,victim,6,5400.0,0.9,1.0,1.0,0.0,1.0,True,1.0,True,monitor,31.22,0.6108,,75604a89a855428bae67d7af840b3aa6,sim-469a92ceb63b882008b094f33fdb34a8,processing
12,s007,victim,6,5400.0,0.486221,0.95407,1.0,0.0,0.0,False,1.0,True,restrict,64.38,0.6108,,424c943b664a4b1cbdd106e60d1a6570,sim-32a44122c4d91185f2771db00ca9fe12,under_review
12,s008,control,6,5400.0,0.467229,0.890765,1.0,0.0,0.0,False,0.467229,False,step_up,74.34,0.415,friction_ceiling,55d8587cbd004ebba82022cca2946df2,sim-91762d597c4c493d7850ee2fe932bca0,awaiting_step_up
12,s010,control,6,5400.0,0.431435,0.771451,1.0,0.0,0.0,False,0.431435,False,step_up,64.91,0.4019,friction_ceiling,de878ce83e9448d1a7499f62babe141a,sim-929dcf8b88675d2977a72bb5d5df5a16,awaiting_step_up
12,s011,control,6,5400.0,0.455603,0.852008,1.0,0.0,0.0,False,0.455603,False,step_up,65.24,0.4108,friction_ceiling,00d4f6e0c8a14d27a8c1d68b966ec84e,sim-2a03d6a44f7de365313c37267cd32494,awaiting_step_up
13,s002,victim,7,6300.0,0.89835,1.0,1.0,0.0,0.995875,True,1.0,True,block,92.42,0.6108,,1135bfb7927541a4bc4e77b41555ff46,sim-49bae03d0949d18c252e68fc343230c0,blocked
13,s003,victim,7,6300.0,0.783954,0.874293,1.0,0.0,0.804165,True,1.0,True,step_up,43.2,0.6108,,d25e87c452c94d968366f0b3b90fdfc6,sim-850911c1ef13b93aa149d111b227b9c4,awaiting_step_up
13,s004,victim,7,6300.0,0.879731,0.932436,1.0,0.0,1.0,True,1.0,True,step_up,59.56,0.6108,,732a663e2e9741f9b003914336a7b792,sim-3256215d3ceb4ab7b1fdd2b74412f721,awaiting_step_up
13,s005,victim,7,6300.0,0.9,1.0,1.0,0.0,1.0,True,1.0,True,monitor,29.19,0.6108,,723b982c84204457b63088300e546e11,sim-781db84e922c634638210d68504763bd,processing
13,s007,victim,7,6300.0,0.5,1.0,1.0,0.0,0.0,False,1.0,True,step_up,52.76,0.6108,,5364bd8d24f843ffbf354c7444579e4e,sim-9daeb8f3ff8b012196e8d4bbb66ea2c4,awaiting_step_up
13,s008,control,7,6300.0,0.5,1.0,1.0,0.0,0.0,False,0.5,False,step_up,76.36,0.4271,friction_ceiling,b4d3669fc07d43c3a07e10a80c7d53d7,sim-9a6973c003976333b4ef96ace574a629,awaiting_step_up
13,s010,control,7,6300.0,0.470008,0.900026,1.0,0.0,0.0,False,0.470008,False,step_up,48.88,0.4161,,5fd777f2c7b041919f153b2f1d61fadf,sim-a70f455391cf2f34752b992522159b74,awaiting_step_up
13,s011,control,7,6300.0,0.499753,0.999176,1.0,0.0,0.0,False,0.499753,False,step_up,49.02,0.427,,0fa5df67fc9a470fadbc00f8e6af6f86,sim-588d4ab2158264e8f9838e40ded7e32a,awaiting_step_up
14,s002,victim,7,6300.0,0.89835,1.0,1.0,0.0,0.995875,True,1.0,True,block,93.12,0.6108,,0f8da2873bfe4c998575427ea7aef973,sim-5b0bcfb81f931b8ae94035fa9df7089b,blocked
14,s003,victim,7,6300.0,0.783954,0.874293,1.0,0.0,0.804165,True,1.0,True,step_up,49.87,0.6108,,e17c4c9a7446404a90317bedab767888,sim-bc7dde3b0a5a2809eb87326c0fa77d0c,awaiting_step_up
14,s004,victim,7,6300.0,0.879731,0.932436,1.0,0.0,1.0,True,1.0,True,step_up,53.1,0.6108,,fbe88b8d0d5349e891e2497a49ef25c5,sim-536b035555cc4e472ae7be70dbbb3784,awaiting_step_up
14,s005,victim,7,6300.0,0.9,1.0,1.0,0.0,1.0,True,1.0,True,monitor,33.94,0.6108,,776f6281161243c499372b9b05983b8b,sim-e005525535c518d4414a954baeebd1f2,processing
14,s007,victim,7,6300.0,0.5,1.0,1.0,0.0,0.0,False,1.0,True,restrict,63.55,0.6108,,5194941beaff4ae48ef2a9467c844cb2,sim-f3a3ec5e5a4501f4db215f86631088ef,under_review
14,s008,control,7,6300.0,0.5,1.0,1.0,0.0,0.0,False,0.5,False,step_up,76.79,0.4271,friction_ceiling,77aeae85ae764e0a85b64ddfa6d98e5a,sim-1505e6046d7cc01b91e8fca4fb197611,awaiting_step_up
14,s010,control,7,6300.0,0.470008,0.900026,1.0,0.0,0.0,False,0.470008,False,step_up,65.68,0.4161,friction_ceiling,2fcaffc8711d4969ac787e8b30cca28a,sim-4e8d1f4286f416f376a0dcee79379d8e,awaiting_step_up
14,s011,control,7,6300.0,0.5,1.0,1.0,0.0,0.0,False,0.5,False,step_up,57.46,0.4271,,6ca6d2f1a85e43889be21bb4d1b2cf76,sim-2737ec03974005e40008a3d5947d7c05,awaiting_step_up
15,s002,victim,8,7200.0,0.888482,1.0,1.0,0.0,0.971205,True,1.0,True,block,93.34,0.6108,,d7d9d6181c3f420abb77b2cdfa8dfed4,sim-7a6ba6aeaef776698c7bce625562e01e,blocked
15,s003,victim,8,7200.0,0.819648,0.999192,1.0,0.0,0.799726,True,1.0,True,step_up,50.88,0.6108,,ab0a90e628704a5ebf7ad8ca37a9fb96,sim-4326d6691b4c0ff4b3b1f38247803adc,awaiting_step_up
15,s004,victim,8,7200.0,0.9,1.0,1.0,0.0,1.0,True,1.0,True,step_up,49.28,0.6108,,49ac100cc28d45b7804d1e268ec4555c,sim-d81a434f35e5412bd3719ace6d208bbf,awaiting_step_up
15,s005,victim,8,7200.0,0.9,1.0,1.0,0.0,1.0,True,1.0,True,step_up,41.36,0.6108,,59ff0f057f6748f58832d6f53fb87426,sim-3ff0de14d5fbe37f3501d169dc7edcd5,awaiting_step_up
15,s007,victim,8,7200.0,0.5,1.0,1.0,0.0,0.0,False,1.0,True,step_up,55.72,0.6108,,e842abfda1b748bf98cf2a725f818ed9,sim-ddeabc413ede7bd145e1344734be126e,awaiting_step_up
15,s008,control,8,7200.0,0.5,1.0,1.0,0.0,0.0,False,0.5,False,step_up,65.83,0.4271,friction_ceiling,fb3de8623fb44e7a801a1436762269f4,sim-cfd86dc86e7dfb3ee9831abbb9d593ac,awaiting_step_up
15,s010,control,8,7200.0,0.5,1.0,1.0,0.0,0.0,False,0.5,False,step_up,62.66,0.4271,,ca9c547f2f474803a341c88d86134008,sim-287fc85d2feb7dc1c2f8241739efd4d4,awaiting_step_up
15,s011,control,8,7200.0,0.5,1.0,1.0,0.0,0.0,False,0.5,False,step_up,51.41,0.4271,,c565ad2ae032408991c81989990869df,sim-e20ac1394f75ce8eb097db91fbed54fe,awaiting_step_up
16,s002,victim,8,7200.0,0.888482,1.0,1.0,0.0,0.971205,True,1.0,True,block,92.76,0.6108,,1e1f8bc012364ce4bf4cdfffbc41ad6a,sim-9360ad949b20cd1ec4be35dcee6f1032,blocked
16,s003,victim,8,7200.0,0.81989,1.0,1.0,0.0,0.799726,True,1.0,True,step_up,50.98,0.6108,,7fb33a727393482c99d77bd2ce978547,sim-7c5f9124f02a8170c2fb6b1c773e54f7,awaiting_step_up
16,s004,victim,8,7200.0,0.9,1.0,1.0,0.0,1.0,True,1.0,True,step_up,58.45,0.6108,,0ab7ac03665e4d649fcb52308e2d08c6,sim-6c7828a8a073060d21a6e386bc874dac,awaiting_step_up
16,s005,victim,8,7200.0,0.9,1.0,1.0,0.0,1.0,True,1.0,True,step_up,40.79,0.6108,,9d05a731584c42b19af2eb4c69dcbc0b,sim-f1fc1110f83b9e414df577a2d4b81908,awaiting_step_up
16,s007,victim,8,7200.0,0.5,1.0,1.0,0.0,0.0,False,1.0,True,restrict,66.94,0.6108,,3a5808cf5ee04321bbacb3b637ce6466,sim-de84edb9d04f7d800e060e67b27fcec4,under_review
16,s008,control,8,7200.0,0.5,1.0,1.0,0.0,0.0,False,0.5,False,step_up,64.22,0.4271,friction_ceiling,e9b07fa033e3458c9e72aa0321560000,sim-05106771823f2d46e133d80ccfb15fca,awaiting_step_up
16,s010,control,8,7200.0,0.5,1.0,1.0,0.0,0.0,False,0.5,False,step_up,57.61,0.4271,,f76bfb74f06746c281b1dc9fac1d12cc,sim-cb4423362c2e4231e6e342ce9da35a51,awaiting_step_up
16,s011,control,8,7200.0,0.5,1.0,1.0,0.0,0.0,False,0.5,False,step_up,51.51,0.4271,,288a5db0f1e343debdd0ebefda7cc2fb,sim-6f2372d546add994bbad667705af1574,awaiting_step_up
17,s002,victim,9,8100.0,0.888265,1.0,1.0,0.0,0.970662,True,1.0,True,block,89.92,0.6108,,efbe1a3b77cd4873a20c525e4ba71e26,sim-9a15e22f1358f34ec1dcc64576882fc5,blocked
17,s003,victim,9,8100.0,0.798905,1.0,1.0,0.0,0.747264,True,1.0,True,step_up,56.62,0.6108,,105b01c8ab3e4cd288e00669781f48b8,sim-611fbea586f3144a6c2df7274379af21,awaiting_step_up
17,s004,victim,9,8100.0,0.9,1.0,1.0,0.0,1.0,True,1.0,True,step_up,61.89,0.6108,,2605ff47356f49998976c80b4b62246f,sim-1d7c6d4feda9d2c3d54bfca913533f38,awaiting_step_up
17,s005,victim,9,8100.0,0.9,1.0,1.0,0.0,1.0,True,1.0,True,monitor,35.8,0.6108,,d04379c55bfb4a6b97c83f4463dcb8f0,sim-f221084187eca8bb5955b647d8acfc92,processing
17,s007,victim,9,8100.0,0.5,1.0,1.0,0.0,0.0,False,1.0,True,restrict,63.79,0.6108,,1acb8f6dc94a445e853779e1f3690a53,sim-0198c7806c201e1d342174cdb5299657,under_review
17,s008,control,9,8100.0,0.5,1.0,1.0,0.0,0.0,False,0.5,False,step_up,69.12,0.4271,friction_ceiling,9c6ab0ff4e2840708296776a7698d745,sim-a5d265be0eb998d84adec4df4a52f06c,awaiting_step_up
17,s010,control,9,8100.0,0.5,1.0,1.0,0.0,0.0,False,0.5,False,step_up,47.85,0.4271,,74f9fa9fe7d24164b7631aa3ce395691,sim-13c625dc0924f343f68c27c84950dd68,awaiting_step_up
17,s011,control,9,8100.0,0.5,1.0,1.0,0.0,0.0,False,0.5,False,step_up,58.87,0.4271,,3dfce43d6490496fb63bce16f974187a,sim-1a4ad7ff1c8962f1ada768df7941ccf5,awaiting_step_up
18,s002,victim,9,8100.0,0.888265,1.0,1.0,0.0,0.970662,True,1.0,True,block,92.64,0.6108,,cf04ed03fef94e7fac01be54dac79ed5,sim-e8a88c0e7282932191856dee0c3034f4,blocked
18,s003,victim,9,8100.0,0.798905,1.0,1.0,0.0,0.747264,True,1.0,True,step_up,47.02,0.6108,,f57a7b81f15a41b69fcc5072b8a8d98f,sim-34bab67c7f917c6ad809e4e86868e83d,awaiting_step_up
18,s004,victim,9,8100.0,0.9,1.0,1.0,0.0,1.0,True,1.0,True,step_up,52.69,0.6108,,d9b5a699faef47beaba025e5811b02f3,sim-3919aec148887d36b8670ff1df9edbbf,awaiting_step_up
18,s005,victim,9,8100.0,0.9,1.0,1.0,0.0,1.0,True,1.0,True,step_up,46.24,0.6108,,dfd5567c480b43ed8e3b44f69c441641,sim-068d98bf5a7e2a63dc384079c0db8136,awaiting_step_up
18,s007,victim,9,8100.0,0.5,1.0,1.0,0.0,0.0,False,1.0,True,step_up,58.74,0.6108,,6237772f7ca54fddacce41df7289b05b,sim-3dfa9f572462b9158f1fb41d88f549f4,awaiting_step_up
18,s008,control,9,8100.0,0.5,1.0,1.0,0.0,0.0,False,0.5,False,step_up,71.81,0.4271,friction_ceiling,8d2463f96a4b48ba903388e0fe1c8a77,sim-d55cdf9c2ba72169c45119ba4bebed58,awaiting_step_up
18,s010,control,9,8100.0,0.5,1.0,1.0,0.0,0.0,False,0.5,False,step_up,62.94,0.4271,,2fda5cebfedd420dae7500a5f788e452,sim-041e10503935087f06e1a86ac2ce60b7,awaiting_step_up
18,s011,control,9,8100.0,0.5,1.0,1.0,0.0,0.0,False,0.5,False,step_up,61.34,0.4271,,9849c142198f492d83cd5bafbb24c0a5,sim-d3b1bdd361f337214e813bc6e68d4c0b,awaiting_step_up
19,s002,victim,10,9000.0,0.892351,1.0,1.0,0.0,0.980877,True,1.0,True,block,93.58,0.6108,,1f365ee5d67c4c3e9a16539a69db35ba,sim-6118d213b55722fbd8c6064a158b0eb1,blocked
19,s003,victim,10,9000.0,0.803428,1.0,1.0,0.0,0.758571,True,1.0,True,step_up,47.53,0.6108,,b849aefe8dbc4ad0a2c3c2424b6b10a6,sim-b4a055e4728c94a1ef9b3a31dd2cf541,awaiting_step_up
19,s004,victim,10,9000.0,0.9,1.0,1.0,0.0,1.0,True,1.0,True,step_up,44.02,0.6108,,46515dee277544aab834d19cdf9cd134,sim-a9a81fc2ed9e3f9a0d1a22086390119d,awaiting_step_up
19,s005,victim,10,9000.0,0.9,1.0,1.0,0.0,1.0,True,1.0,True,step_up,42.23,0.6108,,c450f01a86db49d6a54a894ff45b2175,sim-f4722670942bde2d0d00af4b02497349,awaiting_step_up
19,s007,victim,10,9000.0,0.5,1.0,1.0,0.0,0.0,False,1.0,True,restrict,63.15,0.6108,,b5d625d8007f47c7bd5e7cd2abf57416,sim-6fc1003393b47d6bd062a01859f7755c,under_review
19,s008,control,10,9000.0,0.5,1.0,1.0,0.0,0.0,False,0.5,False,step_up,74.74,0.4271,friction_ceiling,1492826740ff4cd5a0e840cd3878eb15,sim-d1b31eb3bc1437a6c3de683de61026fd,awaiting_step_up
19,s010,control,10,9000.0,0.5,1.0,1.0,0.0,0.0,False,0.5,False,step_up,69.97,0.4271,friction_ceiling,ee6ee0087c3249a1a1acb29d805204a8,sim-9cfd931bf488f888c73d7bf6811bfb4e,awaiting_step_up
19,s011,control,10,9000.0,0.5,1.0,1.0,0.0,0.0,False,0.5,False,step_up,49.98,0.4271,,3e9f9163827241639f8f6871c5da767d,sim-72e015526e27b9ca189e74a0c4e2adc8,awaiting_step_up
20,s002,victim,10,9000.0,0.892351,1.0,1.0,0.0,0.980877,True,1.0,True,block,93.58,0.6108,,a41ed2f378874dd9a95b0775d7944833,sim-73ef1329ec387ee7b95d55a96825baac,blocked
20,s003,victim,10,9000.0,0.803428,1.0,1.0,0.0,0.758571,True,1.0,True,step_up,46.46,0.6108,,fcd24c43e97240398f541dfcc0a7969c,sim-0df517ef09e286bcec6995045aead34f,awaiting_step_up
20,s004,victim,10,9000.0,0.9,1.0,1.0,0.0,1.0,True,1.0,True,step_up,51.48,0.6108,,fc846452235f435ca27a4e27cdb8d2ce,sim-d2cf5fe6bbab853f91057fd5a09d7c1a,awaiting_step_up
20,s005,victim,10,9000.0,0.9,1.0,1.0,0.0,1.0,True,1.0,True,step_up,37.97,0.6108,,15daf14124cd4254bc46735f42af81ce,sim-bb34627cc5e134526679d23113b1c2f4,awaiting_step_up
20,s007,victim,10,9000.0,0.5,1.0,1.0,0.0,0.0,False,1.0,True,restrict,69.9,0.6108,,7ff5ae76084d4782bc382a20274c361b,sim-f8927eb13ca24b92c0bc7af2e4386fc3,under_review
20,s008,control,10,9000.0,0.5,1.0,1.0,0.0,0.0,False,0.5,False,step_up,61.87,0.4271,,5c981e87ba4a428bad305508660e3077,sim-52d3e928a8c61578ea4cd66647b0e1b2,awaiting_step_up
20,s010,control,10,9000.0,0.5,1.0,1.0,0.0,0.0,False,0.5,False,step_up,63.46,0.4271,friction_ceiling,f332ea4839084017872d866135b6cb33,sim-8aa97d94f092a797707437e295a63ef8,awaiting_step_up
20,s011,control,10,9000.0,0.5,1.0,1.0,0.0,0.0,False,0.5,False,step_up,60.43,0.4271,,55d6d3e7ab224f448fd54382248f7c61,sim-301276d931a42022b132203384ba03f0,awaiting_step_up
