config,arm,threshold,regime,attacker_tau,seeds,representation,features,percentile,scale,anchor,budget,scale_budget,unpoisoned_impersonation,password_only_P3_impersonation,P3_saturations_mean,P0_impersonation,P0_impersonation_lo,P0_impersonation_hi,P0_false_rejection,P0_false_rejection_lo,P0_false_rejection_hi,P1_impersonation,P1_impersonation_lo,P1_impersonation_hi,P1_false_rejection,P1_false_rejection_lo,P1_false_rejection_hi,P2_impersonation,P2_impersonation_lo,P2_impersonation_hi,P2_false_rejection,P2_false_rejection_lo,P2_false_rejection_hi,P3_impersonation,P3_impersonation_lo,P3_impersonation_hi,P3_false_rejection,P3_false_rejection_lo,P3_false_rejection_hi
baseline,legacy,frozen,signin,0.6,5,set_b,9,95,adapted,projected,6.883673491292476,7.544642476716051,0.40068627450980393,0.7643529411764706,0.08431372549019608,0.40068627450980393,0.332640931372549,0.471765931372549,0.35627450980392156,0.29637254901960786,0.4161813725490196,0.8347254901960784,0.7925188725490195,0.8721083333333333,0.2838039215686275,0.21169852941176476,0.3560372549019607,0.7359411764705882,0.6784311274509804,0.7923801470588235,0.14641176470588235,0.10570588235294119,0.188768137254902,0.9126372549019608,0.8798879901960783,0.940828431372549,0.04966666666666668,0.03807843137254904,0.06231421568627451
baseline,recalculated,recalculated,signin,0.6,5,set_b,9,95,adapted,projected,6.883673491292476,7.544642476716051,0.40068627450980393,0.7643529411764706,0.10392156862745099,0.40068627450980393,0.332640931372549,0.471765931372549,0.35627450980392156,0.29637254901960786,0.4161813725490196,0.9080882352941176,0.8689365196078433,0.9381938725490196,0.07100000000000002,0.042424509803921574,0.10392303921568628,0.8887549019607843,0.8461411764705881,0.9232379901960787,0.05931372549019608,0.0359794117647059,0.08610098039215684,0.9342745098039216,0.9081759803921567,0.9568365196078432,0.0625686274509804,0.034932843137254914,0.09474656862745097
baseline,production,recalculated,stepup_only,1.0,5,set_b,9,95,adapted,projected,6.883673491292476,7.544642476716051,0.40068627450980393,0.7643529411764706,0.056862745098039215,0.40068627450980393,0.332640931372549,0.471765931372549,0.35627450980392156,0.29637254901960786,0.4161813725490196,0.9080882352941176,0.8689365196078433,0.9381938725490196,0.07100000000000002,0.042424509803921574,0.10392303921568628,0.8887549019607843,0.8461411764705881,0.9232379901960787,0.05931372549019608,0.0359794117647059,0.08610098039215684,0.9546568627450981,0.9380561274509804,0.9685208333333334,0.06343137254901962,0.035231862745098055,0.09657647058823526
raw_features,legacy,frozen,signin,0.6,1,set_a,31,95,adapted,projected,1.3505853832795822,0.47744981294699385,0.42196078431372547,0.6302941176470588,0.19607843137254902,0.42196078431372547,0.3500477941176471,0.4938872549019607,0.14549019607843136,0.10842892156862743,0.18539460784313727,0.8476960784313726,0.8048002450980393,0.889610294117647,0.29421568627450984,0.21861274509803924,0.3734362745098039,0.7813235294117646,0.7242132352941174,0.8344656862745097,0.14901960784313725,0.10774509803921568,0.1942156862745098,0.9431862745098039,0.9270563725490193,0.9588737745098038,0.039019607843137266,0.026762254901960793,0.05392401960784314
raw_features,recalculated,recalculated,signin,0.6,1,set_a,31,95,adapted,projected,1.3505853832795822,0.47744981294699385,0.42196078431372547,0.6302941176470588,0.08823529411764706,0.42196078431372547,0.3500477941176471,0.4938872549019607,0.14549019607843136,0.10842892156862743,0.18539460784313727,0.9285294117647058,0.9091654411764706,0.9461789215686273,0.05950980392156864,0.04284313725490198,0.07960784313725491,0.9187254901960784,0.8974987745098038,0.9383382352941178,0.055588235294117654,0.040196078431372566,0.0737279411764706,0.9172549019607843,0.8863725490196078,0.9438823529411763,0.034117647058823544,0.024607843137254917,0.04470588235294118
raw_features,production,recalculated,stepup_only,1.0,1,set_a,31,95,adapted,projected,1.3505853832795822,0.47744981294699385,0.42196078431372547,0.6302941176470588,0.0392156862745098,0.42196078431372547,0.3500477941176471,0.4938872549019607,0.14549019607843136,0.10842892156862743,0.18539460784313727,0.9285294117647058,0.9091654411764706,0.9461789215686273,0.05950980392156864,0.04284313725490198,0.07960784313725491,0.9187254901960784,0.8974987745098038,0.9383382352941178,0.055588235294117654,0.040196078431372566,0.0737279411764706,0.929950980392157,0.9050919117647057,0.9518651960784313,0.03490196078431374,0.02460784313725492,0.046774509803921525
median_budget,legacy,frozen,signin,0.6,1,set_b,9,50,adapted,projected,0.7519328322186092,0.38585886296614924,0.4006862745098039,0.7595588235294117,1.4509803921568627,0.4006862745098039,0.332640931372549,0.4717659313725491,0.3562745098039216,0.29637254901960786,0.41618137254901955,0.8380882352941177,0.7944546568627451,0.8752463235294119,0.2982352941176471,0.223031862745098,0.37128186274509806,0.7349509803921569,0.6769080882352941,0.7912830882352943,0.14431372549019608,0.10372549019607843,0.1865833333333333,0.9113725490196077,0.8771556372549021,0.9406875,0.04882352941176471,0.036958333333333336,0.06098039215686274
median_budget,recalculated,recalculated,signin,0.6,1,set_b,9,50,adapted,projected,0.7519328322186092,0.38585886296614924,0.4006862745098039,0.7595588235294117,1.3431372549019607,0.4006862745098039,0.332640931372549,0.4717659313725491,0.3562745098039216,0.29637254901960786,0.41618137254901955,0.9074509803921569,0.8675906862745099,0.9387279411764706,0.07147058823529413,0.04235049019607844,0.10431372549019609,0.886764705882353,0.844046568627451,0.9218149509803919,0.05960784313725491,0.0355857843137255,0.086375,0.9334313725490195,0.9067610294117646,0.9553933823529414,0.06333333333333334,0.0351936274509804,0.09560049019607839
median_budget,production,recalculated,stepup_only,1.0,1,set_b,9,50,adapted,projected,0.7519328322186092,0.38585886296614924,0.4006862745098039,0.7595588235294117,0.8725490196078431,0.4006862745098039,0.332640931372549,0.4717659313725491,0.3562745098039216,0.29637254901960786,0.41618137254901955,0.9074509803921569,0.8675906862745099,0.9387279411764706,0.07147058823529413,0.04235049019607844,0.10431372549019609,0.886764705882353,0.844046568627451,0.9218149509803919,0.05960784313725491,0.0355857843137255,0.086375,0.9546568627450981,0.9379889705882352,0.9685306372549022,0.06333333333333334,0.03519117647058825,0.09647549019607841
frozen_scale,legacy,frozen,signin,0.6,1,set_b,9,95,frozen,projected,6.883673491292476,0.0,0.4006862745098039,0.6471078431372551,0.5980392156862745,0.4006862745098039,0.332640931372549,0.4717659313725491,0.3562745098039216,0.29637254901960786,0.41618137254901955,0.8380882352941177,0.7944546568627451,0.8752463235294119,0.2982352941176471,0.223031862745098,0.37128186274509806,0.7349509803921569,0.6769080882352941,0.7912830882352943,0.14431372549019608,0.10372549019607843,0.1865833333333333,0.7352941176470589,0.6769999999999999,0.7919779411764707,0.16490196078431374,0.11647058823529413,0.21814460784313724
frozen_scale,recalculated,recalculated,signin,0.6,1,set_b,9,95,frozen,projected,6.883673491292476,0.0,0.4006862745098039,0.6471078431372551,0.5980392156862745,0.4006862745098039,0.332640931372549,0.4717659313725491,0.3562745098039216,0.29637254901960786,0.41618137254901955,0.9074509803921569,0.8675906862745099,0.9387279411764706,0.07147058823529413,0.04235049019607844,0.10431372549019609,0.886764705882353,0.844046568627451,0.9218149509803919,0.05960784313725491,0.0355857843137255,0.086375,0.8645588235294118,0.819655637254902,0.9034338235294118,0.08186274509803923,0.05175980392156864,0.11559558823529408
frozen_scale,production,recalculated,stepup_only,1.0,1,set_b,9,95,frozen,projected,6.883673491292476,0.0,0.4006862745098039,0.6471078431372551,0.5196078431372549,0.4006862745098039,0.332640931372549,0.4717659313725491,0.3562745098039216,0.29637254901960786,0.41618137254901955,0.9074509803921569,0.8675906862745099,0.9387279411764706,0.07147058823529413,0.04235049019607844,0.10431372549019609,0.886764705882353,0.844046568627451,0.9218149509803919,0.05960784313725491,0.0355857843137255,0.086375,0.8909803921568628,0.8476458333333335,0.9268161764705882,0.08656862745098039,0.05480147058823529,0.12235784313725487
verified_anchor,legacy,frozen,signin,0.6,1,set_b,9,95,adapted,verified,6.883673491292476,7.544642476716051,0.4006862745098039,0.7616176470588235,4.03921568627451,0.4006862745098039,0.332640931372549,0.4717659313725491,0.3562745098039216,0.29637254901960786,0.41618137254901955,0.8380882352941177,0.7944546568627451,0.8752463235294119,0.2982352941176471,0.223031862745098,0.37128186274509806,0.7349509803921569,0.6769080882352941,0.7912830882352943,0.14431372549019608,0.10372549019607843,0.1865833333333333,0.7187254901960785,0.6498492647058823,0.7859865196078432,0.1411764705882353,0.1007843137254902,0.18490196078431367
verified_anchor,recalculated,recalculated,signin,0.6,1,set_b,9,95,adapted,verified,6.883673491292476,7.544642476716051,0.4006862745098039,0.7616176470588235,3.9607843137254903,0.4006862745098039,0.332640931372549,0.4717659313725491,0.3562745098039216,0.29637254901960786,0.41618137254901955,0.9074509803921569,0.8675906862745099,0.9387279411764706,0.07147058823529413,0.04235049019607844,0.10431372549019609,0.886764705882353,0.844046568627451,0.9218149509803919,0.05960784313725491,0.0355857843137255,0.086375,0.873921568627451,0.8209791666666665,0.9195122549019608,0.06225490196078433,0.03499754901960786,0.09451225490196077
verified_anchor,production,recalculated,stepup_only,1.0,1,set_b,9,95,adapted,verified,6.883673491292476,7.544642476716051,0.4006862745098039,0.7616176470588235,0.058823529411764705,0.4006862745098039,0.332640931372549,0.4717659313725491,0.3562745098039216,0.29637254901960786,0.41618137254901955,0.9074509803921569,0.8675906862745099,0.9387279411764706,0.07147058823529413,0.04235049019607844,0.10431372549019609,0.886764705882353,0.844046568627451,0.9218149509803919,0.05960784313725491,0.0355857843137255,0.086375,0.9547058823529412,0.9381360294117647,0.9685306372549022,0.06333333333333334,0.03519117647058825,0.09647549019607841
combined,legacy,frozen,signin,0.6,5,set_b,9,50,frozen,verified,0.7519328322186092,0.0,0.40068627450980393,0.6153627450980392,11.25686274509804,0.40068627450980393,0.332640931372549,0.471765931372549,0.35627450980392156,0.29637254901960786,0.4161813725490196,0.8347254901960784,0.7925188725490195,0.8721083333333333,0.2838039215686275,0.21169852941176476,0.3560372549019607,0.7359411764705882,0.6784311274509804,0.7923801470588235,0.14641176470588235,0.10570588235294119,0.188768137254902,0.6451470588235294,0.5803426470588237,0.7094634803921568,0.0826078431372549,0.06005245098039216,0.11073480392156859
combined,recalculated,recalculated,signin,0.6,5,set_b,9,50,frozen,verified,0.7519328322186092,0.0,0.40068627450980393,0.6153627450980392,11.215686274509803,0.40068627450980393,0.332640931372549,0.471765931372549,0.35627450980392156,0.29637254901960786,0.4161813725490196,0.9080882352941176,0.8689365196078433,0.9381938725490196,0.07100000000000002,0.042424509803921574,0.10392303921568628,0.8887549019607843,0.8461411764705881,0.9232379901960787,0.05931372549019608,0.0359794117647059,0.08610098039215684,0.743813725490196,0.6802002450980392,0.8038365196078433,0.06400000000000002,0.038252941176470594,0.09573382352941173
combined,production,recalculated,stepup_only,1.0,5,set_b,9,50,frozen,verified,0.7519328322186092,0.0,0.40068627450980393,0.6153627450980392,1.2215686274509805,0.40068627450980393,0.332640931372549,0.471765931372549,0.35627450980392156,0.29637254901960786,0.4161813725490196,0.9080882352941176,0.8689365196078433,0.9381938725490196,0.07100000000000002,0.042424509803921574,0.10392303921568628,0.8887549019607843,0.8461411764705881,0.9232379901960787,0.05931372549019608,0.0359794117647059,0.08610098039215684,0.8844509803921569,0.8395191176470589,0.9219522058823529,0.09384313725490197,0.06038970588235292,0.13050147058823527
combined_raw,legacy,frozen,signin,0.6,1,set_a,31,50,frozen,verified,0.6899718198280369,0.0,0.42196078431372547,0.5581862745098038,11.813725490196079,0.42196078431372547,0.3500477941176471,0.4938872549019607,0.14549019607843136,0.10842892156862743,0.18539460784313727,0.8476960784313726,0.8048002450980393,0.889610294117647,0.29421568627450984,0.21861274509803924,0.3734362745098039,0.7813235294117646,0.7242132352941174,0.8344656862745097,0.14901960784313725,0.10774509803921568,0.1942156862745098,0.6662254901960785,0.5946017156862745,0.7334889705882351,0.05509803921568628,0.042448529411764704,0.06990441176470587
combined_raw,recalculated,recalculated,signin,0.6,1,set_a,31,50,frozen,verified,0.6899718198280369,0.0,0.42196078431372547,0.5581862745098038,11.784313725490197,0.42196078431372547,0.3500477941176471,0.4938872549019607,0.14549019607843136,0.10842892156862743,0.18539460784313727,0.9285294117647058,0.9091654411764706,0.9461789215686273,0.05950980392156864,0.04284313725490198,0.07960784313725491,0.9187254901960784,0.8974987745098038,0.9383382352941178,0.055588235294117654,0.040196078431372566,0.0737279411764706,0.729264705882353,0.6610171568627452,0.7909424019607844,0.04107843137254903,0.03176470588235295,0.051767156862745106
combined_raw,production,recalculated,stepup_only,1.0,1,set_a,31,50,frozen,verified,0.6899718198280369,0.0,0.42196078431372547,0.5581862745098038,0.058823529411764705,0.42196078431372547,0.3500477941176471,0.4938872549019607,0.14549019607843136,0.10842892156862743,0.18539460784313727,0.9285294117647058,0.9091654411764706,0.9461789215686273,0.05950980392156864,0.04284313725490198,0.07960784313725491,0.9187254901960784,0.8974987745098038,0.9383382352941178,0.055588235294117654,0.040196078431372566,0.0737279411764706,0.8680392156862746,0.8295955882352942,0.9029424019607842,0.05421568627450982,0.038039215686274525,0.07392647058823527
