subject,half,seed,share,separation,minority
s002,calibration,0,0.0,2.5434676496895605,0.13333333333333333
s002,calibration,0,0.1,3.7364785378972214,0.16666666666666666
s002,calibration,0,0.2,2.574509084103191,0.3333333333333333
s002,calibration,0,0.3,2.820840007080625,0.4
s002,calibration,0,0.5,3.5300867229235897,0.4666666666666667
s002,calibration,1,0.0,3.7393465841063254,0.2
s002,calibration,1,0.1,2.386674524665728,0.3
s002,calibration,1,0.2,2.5109373382119617,0.43333333333333335
s002,calibration,1,0.3,2.5000736658965708,0.4
s002,calibration,1,0.5,2.5908851644277235,0.36666666666666664
s002,calibration,2,0.0,3.360137232186996,0.1
s002,calibration,2,0.1,2.5292025148142785,0.26666666666666666
s002,calibration,2,0.2,3.011446615786335,0.26666666666666666
s002,calibration,2,0.3,3.595734240772374,0.26666666666666666
s002,calibration,2,0.5,2.883644200669577,0.4
s002,calibration,3,0.0,3.3049644623029004,0.13333333333333333
s002,calibration,3,0.1,2.8550924928730943,0.23333333333333334
s002,calibration,3,0.2,3.426742032003953,0.3
s002,calibration,3,0.3,3.8074039902916663,0.3
s002,calibration,3,0.5,3.1829241014368455,0.43333333333333335
s002,calibration,4,0.0,3.3356582586248646,0.16666666666666666
s002,calibration,4,0.1,3.039329145536574,0.26666666666666666
s002,calibration,4,0.2,2.238919385579286,0.36666666666666664
s002,calibration,4,0.3,2.3660743727763673,0.43333333333333335
s002,calibration,4,0.5,3.0410834239868323,0.5
s003,calibration,0,0.0,2.7949811720037046,0.23333333333333334
s003,calibration,0,0.1,3.6295289203537777,0.3
s003,calibration,0,0.2,2.44797084802889,0.4
s003,calibration,0,0.3,2.4087606636414782,0.26666666666666666
s003,calibration,0,0.5,3.3363774921567644,0.2
s003,calibration,1,0.0,2.881604621756671,0.3333333333333333
s003,calibration,1,0.1,2.60284326085531,0.3333333333333333
s003,calibration,1,0.2,2.2489928985530976,0.4666666666666667
s003,calibration,1,0.3,2.6995800974187207,0.26666666666666666
s003,calibration,1,0.5,3.895206926237865,0.26666666666666666
s003,calibration,2,0.0,2.6668025795793957,0.43333333333333335
s003,calibration,2,0.1,3.501483114229446,0.23333333333333334
s003,calibration,2,0.2,2.568820396999918,0.36666666666666664
s003,calibration,2,0.3,3.3627635940747815,0.4
s003,calibration,2,0.5,2.2484288243667154,0.4
s003,calibration,3,0.0,2.5321481317671397,0.3333333333333333
s003,calibration,3,0.1,3.108714141571976,0.43333333333333335
s003,calibration,3,0.2,2.057449642374239,0.43333333333333335
s003,calibration,3,0.3,2.551379600991626,0.4666666666666667
s003,calibration,3,0.5,1.70856544346166,0.3
s003,calibration,4,0.0,2.960747588930837,0.36666666666666664
s003,calibration,4,0.1,3.1333389074678184,0.43333333333333335
s003,calibration,4,0.2,2.6233251058250113,0.5
s003,calibration,4,0.3,2.5436958076886276,0.43333333333333335
s003,calibration,4,0.5,2.44403324188679,0.23333333333333334
s004,calibration,0,0.0,2.728859947988754,0.43333333333333335
s004,calibration,0,0.1,2.371958602246094,0.36666666666666664
s004,calibration,0,0.2,2.3973430693454034,0.3333333333333333
s004,calibration,0,0.3,2.4279676000708923,0.36666666666666664
s004,calibration,0,0.5,1.7106069455206898,0.5
s004,calibration,1,0.0,2.595840213632576,0.43333333333333335
s004,calibration,1,0.1,2.3692757316823028,0.36666666666666664
s004,calibration,1,0.2,2.0281719754196073,0.3
s004,calibration,1,0.3,2.3779989940204933,0.3
s004,calibration,1,0.5,1.8039833027765493,0.43333333333333335
s004,calibration,2,0.0,2.1179958166035195,0.4
s004,calibration,2,0.1,2.672723875593462,0.26666666666666666
s004,calibration,2,0.2,2.3628054799833813,0.4
s004,calibration,2,0.3,2.558078546467687,0.36666666666666664
s004,calibration,2,0.5,1.8272831890455703,0.5
s004,calibration,3,0.0,3.1157827156392925,0.3333333333333333
s004,calibration,3,0.1,2.3607571350400773,0.43333333333333335
s004,calibration,3,0.2,1.6727271856311097,0.3
s004,calibration,3,0.3,1.9640961475760306,0.4666666666666667
s004,calibration,3,0.5,2.4168452707025567,0.4
s004,calibration,4,0.0,2.841456533682692,0.3
s004,calibration,4,0.1,2.2568463867269335,0.36666666666666664
s004,calibration,4,0.2,2.256370865021651,0.4
s004,calibration,4,0.3,2.243452594277092,0.4666666666666667
s004,calibration,4,0.5,2.244484677550635,0.43333333333333335
s005,calibration,0,0.0,2.498500081822736,0.3333333333333333
s005,calibration,0,0.1,4.3821702354100305,0.1
s005,calibration,0,0.2,4.3513842036382195,0.2
s005,calibration,0,0.3,4.323916254812655,0.3
s005,calibration,0,0.5,4.8965445491617885,0.5
s005,calibration,1,0.0,2.059114355998451,0.26666666666666666
s005,calibration,1,0.1,3.842959269707068,0.1
s005,calibration,1,0.2,5.271313907199148,0.2
s005,calibration,1,0.3,4.315999654226216,0.3
s005,calibration,1,0.5,5.252360283859869,0.5
s005,calibration,2,0.0,2.655731902066651,0.26666666666666666
s005,calibration,2,0.1,4.98968463469227,0.1
s005,calibration,2,0.2,5.595043149620144,0.2
s005,calibration,2,0.3,4.3252423227597,0.3
s005,calibration,2,0.5,4.184620053286735,0.5
s005,calibration,3,0.0,2.968608619147569,0.26666666666666666
s005,calibration,3,0.1,1.2034516624047502,0.4666666666666667
s005,calibration,3,0.2,4.885091383094287,0.2
s005,calibration,3,0.3,5.120589535493152,0.3
s005,calibration,3,0.5,5.102690263498263,0.5
s005,calibration,4,0.0,2.830898255499522,0.4666666666666667
s005,calibration,4,0.1,5.283373777101052,0.1
s005,calibration,4,0.2,4.410320313336848,0.2
s005,calibration,4,0.3,4.800163600902807,0.3
s005,calibration,4,0.5,4.49605785500522,0.5
s007,calibration,0,0.0,2.548591893329353,0.2
s007,calibration,0,0.1,3.565009318812161,0.06666666666666667
s007,calibration,0,0.2,2.3287030280422956,0.13333333333333333
s007,calibration,0,0.3,2.6237111777422384,0.23333333333333334
s007,calibration,0,0.5,1.92410413412858,0.36666666666666664
s007,calibration,1,0.0,1.6573107694090505,0.3333333333333333
s007,calibration,1,0.1,1.9932226581286168,0.23333333333333334
s007,calibration,1,0.2,2.7726493940746404,0.2
s007,calibration,1,0.3,1.9065173967347337,0.5
s007,calibration,1,0.5,2.053778545272582,0.1
s007,calibration,2,0.0,2.484831355294054,0.26666666666666666
s007,calibration,2,0.1,2.5059843030785607,0.26666666666666666
s007,calibration,2,0.2,1.5721312377957761,0.3333333333333333
s007,calibration,2,0.3,2.0911370423313755,0.43333333333333335
s007,calibration,2,0.5,2.2398274120827577,0.36666666666666664
s007,calibration,3,0.0,2.364152242352109,0.23333333333333334
s007,calibration,3,0.1,1.7953623567286658,0.3
s007,calibration,3,0.2,2.197965873429662,0.5
s007,calibration,3,0.3,2.305831820735209,0.16666666666666666
s007,calibration,3,0.5,1.7416626624678866,0.36666666666666664
s007,calibration,4,0.0,2.361517084372533,0.26666666666666666
s007,calibration,4,0.1,2.156065012211857,0.13333333333333333
s007,calibration,4,0.2,2.069078559698403,0.16666666666666666
s007,calibration,4,0.3,2.602380818187674,0.26666666666666666
s007,calibration,4,0.5,2.24977049561512,0.3333333333333333
s008,calibration,0,0.0,1.948964962677819,0.43333333333333335
s008,calibration,0,0.1,1.8299883986333967,0.36666666666666664
s008,calibration,0,0.2,1.4247262897211952,0.5
s008,calibration,0,0.3,2.6675395887436024,0.26666666666666666
s008,calibration,0,0.5,2.546201851113926,0.5
s008,calibration,1,0.0,2.1577147223085538,0.26666666666666666
s008,calibration,1,0.1,2.3044258404952442,0.2
s008,calibration,1,0.2,1.6459799848516616,0.43333333333333335
s008,calibration,1,0.3,1.5439469302487816,0.4666666666666667
s008,calibration,1,0.5,2.5968905686858132,0.5
s008,calibration,2,0.0,1.8568572773957492,0.4666666666666667
s008,calibration,2,0.1,2.868308154468986,0.1
s008,calibration,2,0.2,1.4190371651092337,0.36666666666666664
s008,calibration,2,0.3,1.700869134885185,0.3
s008,calibration,2,0.5,2.4231599882439028,0.5
s008,calibration,3,0.0,2.49723105737185,0.26666666666666666
s008,calibration,3,0.1,1.8494747021943012,0.26666666666666666
s008,calibration,3,0.2,1.4442502795443717,0.23333333333333334
s008,calibration,3,0.3,2.626249749668124,0.3
s008,calibration,3,0.5,2.109358914160348,0.5
s008,calibration,4,0.0,2.3656079511376342,0.26666666666666666
s008,calibration,4,0.1,1.5865622947699884,0.5
s008,calibration,4,0.2,1.6453303103156065,0.36666666666666664
s008,calibration,4,0.3,2.1247464183962723,0.3
s008,calibration,4,0.5,2.3394267929017296,0.5
s010,calibration,0,0.0,1.9162537591672042,0.43333333333333335
s010,calibration,0,0.1,4.489220233516372,0.1
s010,calibration,0,0.2,3.566710235779642,0.2
s010,calibration,0,0.3,3.863922238457086,0.3
s010,calibration,0,0.5,3.6938871170120966,0.5
s010,calibration,1,0.0,2.068539924058466,0.43333333333333335
s010,calibration,1,0.1,3.7705615745448338,0.1
s010,calibration,1,0.2,3.1806127887315863,0.2
s010,calibration,1,0.3,2.8258984860226506,0.3
s010,calibration,1,0.5,3.452095753929169,0.5
s010,calibration,2,0.0,1.48701575349526,0.3333333333333333
s010,calibration,2,0.1,3.226806437190219,0.1
s010,calibration,2,0.2,4.1102171823447256,0.2
s010,calibration,2,0.3,3.6311323424575,0.3
s010,calibration,2,0.5,3.8655907573493775,0.5
s010,calibration,3,0.0,2.400376089628068,0.23333333333333334
s010,calibration,3,0.1,4.081306380949229,0.1
s010,calibration,3,0.2,3.6375933937961844,0.2
s010,calibration,3,0.3,3.7597789240494683,0.3
s010,calibration,3,0.5,2.7007485065042953,0.5
s010,calibration,4,0.0,2.6929040198251006,0.13333333333333333
s010,calibration,4,0.1,4.191619086215802,0.1
s010,calibration,4,0.2,3.9168587276429774,0.2
s010,calibration,4,0.3,3.5777463761371626,0.3
s010,calibration,4,0.5,3.6622733673660797,0.4666666666666667
s011,calibration,0,0.0,2.484254790425841,0.4666666666666667
s011,calibration,0,0.1,2.9048611499718993,0.3333333333333333
s011,calibration,0,0.2,2.9903252439956423,0.3333333333333333
s011,calibration,0,0.3,2.1622492156138433,0.36666666666666664
s011,calibration,0,0.5,2.5453206123719276,0.43333333333333335
s011,calibration,1,0.0,1.9153614640364252,0.4666666666666667
s011,calibration,1,0.1,1.6395639142950698,0.4
s011,calibration,1,0.2,2.2209225204706615,0.23333333333333334
s011,calibration,1,0.3,1.9915809285578927,0.36666666666666664
s011,calibration,1,0.5,2.284398370711997,0.36666666666666664
s011,calibration,2,0.0,2.299959292397181,0.3
s011,calibration,2,0.1,2.4912960998281175,0.3
s011,calibration,2,0.2,1.7552293770675627,0.4
s011,calibration,2,0.3,2.2064304148195855,0.36666666666666664
s011,calibration,2,0.5,2.1972915683118006,0.4666666666666667
s011,calibration,3,0.0,2.0173489850519526,0.3
s011,calibration,3,0.1,1.5301028160423498,0.3
s011,calibration,3,0.2,2.2812634974031347,0.3
s011,calibration,3,0.3,2.6716727908636244,0.36666666666666664
s011,calibration,3,0.5,2.3223443446620817,0.5
s011,calibration,4,0.0,2.3880468036357128,0.26666666666666666
s011,calibration,4,0.1,1.8493785501675302,0.23333333333333334
s011,calibration,4,0.2,2.4632250559388362,0.2
s011,calibration,4,0.3,2.306111210972201,0.3
s011,calibration,4,0.5,2.026642385681215,0.4
s012,calibration,0,0.0,2.414634265978304,0.43333333333333335
s012,calibration,0,0.1,3.3505800980954024,0.1
s012,calibration,0,0.2,3.2625261218948665,0.2
s012,calibration,0,0.3,3.1171762577923285,0.3
s012,calibration,0,0.5,3.578868034893244,0.5
s012,calibration,1,0.0,2.3528624494821786,0.36666666666666664
s012,calibration,1,0.1,3.2264923973703876,0.1
s012,calibration,1,0.2,3.5496628165585538,0.2
s012,calibration,1,0.3,4.244222139874598,0.3
s012,calibration,1,0.5,2.9628132135502847,0.5
s012,calibration,2,0.0,2.245088729383554,0.36666666666666664
s012,calibration,2,0.1,3.8495013737793626,0.1
s012,calibration,2,0.2,3.275238946372928,0.2
s012,calibration,2,0.3,3.154003484493253,0.3
s012,calibration,2,0.5,3.9909440135113745,0.5
s012,calibration,3,0.0,2.781933953378614,0.3333333333333333
s012,calibration,3,0.1,3.707236328751478,0.1
s012,calibration,3,0.2,2.975047609832779,0.2
s012,calibration,3,0.3,3.246130549962404,0.3
s012,calibration,3,0.5,3.248042301830227,0.5
s012,calibration,4,0.0,1.954683556113,0.26666666666666666
s012,calibration,4,0.1,3.6110017300852197,0.1
s012,calibration,4,0.2,4.434681891521382,0.2
s012,calibration,4,0.3,3.973129390700948,0.3
s012,calibration,4,0.5,3.5670993594586897,0.5
s013,calibration,0,0.0,2.1145291809572924,0.43333333333333335
s013,calibration,0,0.1,2.717961338614107,0.3333333333333333
s013,calibration,0,0.2,3.3786209088281094,0.36666666666666664
s013,calibration,0,0.3,2.7890046504523163,0.36666666666666664
s013,calibration,0,0.5,2.574451847685261,0.43333333333333335
s013,calibration,1,0.0,2.945807973964339,0.26666666666666666
s013,calibration,1,0.1,2.5175001507250667,0.4
s013,calibration,1,0.2,3.0739850311910932,0.23333333333333334
s013,calibration,1,0.3,3.3229106119391294,0.1
s013,calibration,1,0.5,2.399775237613736,0.4
s013,calibration,2,0.0,3.1574253819643765,0.13333333333333333
s013,calibration,2,0.1,2.2692809530353735,0.4
s013,calibration,2,0.2,3.0772331816069958,0.36666666666666664
s013,calibration,2,0.3,2.826068955665964,0.23333333333333334
s013,calibration,2,0.5,2.6026920933541904,0.3333333333333333
s013,calibration,3,0.0,2.873472772651004,0.4
s013,calibration,3,0.1,2.6177644570275738,0.4
s013,calibration,3,0.2,2.56452367064037,0.23333333333333334
s013,calibration,3,0.3,3.1614266077469058,0.3333333333333333
s013,calibration,3,0.5,2.4362003921218656,0.4666666666666667
s013,calibration,4,0.0,3.2026144241725327,0.3
s013,calibration,4,0.1,2.585042766330535,0.4
s013,calibration,4,0.2,2.376679076048218,0.4
s013,calibration,4,0.3,2.5324235423281034,0.36666666666666664
s013,calibration,4,0.5,2.85963786480897,0.5
s015,calibration,0,0.0,2.0666294062031514,0.4666666666666667
s015,calibration,0,0.1,9.324214264492936,0.1
s015,calibration,0,0.2,7.815178883752981,0.2
s015,calibration,0,0.3,4.821439295920175,0.3
s015,calibration,0,0.5,5.5245970786686405,0.5
s015,calibration,1,0.0,1.5450248328422473,0.43333333333333335
s015,calibration,1,0.1,7.572456642372183,0.1
s015,calibration,1,0.2,7.725976959589797,0.2
s015,calibration,1,0.3,7.529927233283578,0.3
s015,calibration,1,0.5,4.737971531479402,0.5
s015,calibration,2,0.0,1.9246364913381855,0.4666666666666667
s015,calibration,2,0.1,7.956189596464861,0.1
s015,calibration,2,0.2,8.096584641316406,0.2
s015,calibration,2,0.3,8.230315882944561,0.3
s015,calibration,2,0.5,5.045807444873699,0.5
s015,calibration,3,0.0,2.29044901177084,0.5
s015,calibration,3,0.1,7.262781363600264,0.1
s015,calibration,3,0.2,7.224337585159281,0.2
s015,calibration,3,0.3,5.982243913428145,0.3
s015,calibration,3,0.5,5.767016624836798,0.5
s015,calibration,4,0.0,1.9157665464190945,0.5
s015,calibration,4,0.1,8.87373899257746,0.1
s015,calibration,4,0.2,6.291742668415824,0.2
s015,calibration,4,0.3,6.058413716269876,0.3
s015,calibration,4,0.5,5.420317102580444,0.5
s016,calibration,0,0.0,9.718216786032707,0.13333333333333333
s016,calibration,0,0.1,12.440071992857627,0.1
s016,calibration,0,0.2,6.238628675586019,0.4
s016,calibration,0,0.3,9.112273327044836,0.4
s016,calibration,0,0.5,7.9056626854508885,0.4
s016,calibration,1,0.0,7.413871171695537,0.26666666666666666
s016,calibration,1,0.1,6.946396408921862,0.3333333333333333
s016,calibration,1,0.2,7.493656841381752,0.36666666666666664
s016,calibration,1,0.3,8.296108254333657,0.4666666666666667
s016,calibration,1,0.5,6.451571127930766,0.3
s016,calibration,2,0.0,8.972373864302936,0.13333333333333333
s016,calibration,2,0.1,5.807372221563098,0.3333333333333333
s016,calibration,2,0.2,6.86611733095773,0.36666666666666664
s016,calibration,2,0.3,11.171946069527854,0.36666666666666664
s016,calibration,2,0.5,8.676474170319564,0.43333333333333335
s016,calibration,3,0.0,10.635898671889425,0.2
s016,calibration,3,0.1,5.800547666496439,0.3333333333333333
s016,calibration,3,0.2,8.841430667418308,0.3333333333333333
s016,calibration,3,0.3,7.226144352718784,0.4
s016,calibration,3,0.5,9.060856257290904,0.43333333333333335
s016,calibration,4,0.0,8.367201938533984,0.2
s016,calibration,4,0.1,8.506255736562991,0.13333333333333333
s016,calibration,4,0.2,6.122787633521947,0.36666666666666664
s016,calibration,4,0.3,10.586166490907065,0.4
s016,calibration,4,0.5,7.808193218909799,0.3333333333333333
s017,calibration,0,0.0,2.4554909058883565,0.16666666666666666
s017,calibration,0,0.1,8.360813457217567,0.1
s017,calibration,0,0.2,6.612821912349489,0.2
s017,calibration,0,0.3,6.372277191592665,0.3
s017,calibration,0,0.5,6.069778956794518,0.5
s017,calibration,1,0.0,1.9120514052806046,0.2
s017,calibration,1,0.1,8.950910852948194,0.1
s017,calibration,1,0.2,7.199586082894872,0.2
s017,calibration,1,0.3,6.295807132901531,0.3
s017,calibration,1,0.5,6.35562423662832,0.5
s017,calibration,2,0.0,2.4912468652530317,0.23333333333333334
s017,calibration,2,0.1,6.132877401774373,0.1
s017,calibration,2,0.2,7.5146749382020746,0.2
s017,calibration,2,0.3,5.894435330246848,0.3
s017,calibration,2,0.5,6.318483570702408,0.5
s017,calibration,3,0.0,1.2555691172363221,0.36666666666666664
s017,calibration,3,0.1,8.356630609762869,0.1
s017,calibration,3,0.2,6.374096401160083,0.2
s017,calibration,3,0.3,6.6314167062747496,0.3
s017,calibration,3,0.5,5.375789192629791,0.5
s017,calibration,4,0.0,1.519983354622322,0.3
s017,calibration,4,0.1,9.040504226246865,0.1
s017,calibration,4,0.2,6.471981244136772,0.2
s017,calibration,4,0.3,6.245450503834872,0.3
s017,calibration,4,0.5,5.347068138320401,0.5
s018,calibration,0,0.0,2.4867555664045216,0.43333333333333335
s018,calibration,0,0.1,3.0731871181560466,0.16666666666666666
s018,calibration,0,0.2,2.6204191303946134,0.26666666666666666
s018,calibration,0,0.3,2.5389680355409423,0.3
s018,calibration,0,0.5,2.8961198184800963,0.5
s018,calibration,1,0.0,2.1365301645029997,0.43333333333333335
s018,calibration,1,0.1,3.104328248513682,0.16666666666666666
s018,calibration,1,0.2,3.1726459320692455,0.26666666666666666
s018,calibration,1,0.3,2.892184081190617,0.36666666666666664
s018,calibration,1,0.5,3.198368067172637,0.5
s018,calibration,2,0.0,2.460037995281476,0.3333333333333333
s018,calibration,2,0.1,3.3152012038737975,0.13333333333333333
s018,calibration,2,0.2,3.9309380400589453,0.26666666666666666
s018,calibration,2,0.3,2.590133902964734,0.3
s018,calibration,2,0.5,3.3785871886047287,0.5
s018,calibration,3,0.0,2.51391089752598,0.26666666666666666
s018,calibration,3,0.1,2.8436909463291835,0.1
s018,calibration,3,0.2,2.3764138267951203,0.2
s018,calibration,3,0.3,2.3295857708418084,0.3333333333333333
s018,calibration,3,0.5,3.074282661595066,0.5
s018,calibration,4,0.0,2.549326287404435,0.3
s018,calibration,4,0.1,2.680144949952368,0.26666666666666666
s018,calibration,4,0.2,2.9389565911653635,0.2
s018,calibration,4,0.3,3.0534932347198813,0.3
s018,calibration,4,0.5,2.8799534729748895,0.5
s019,calibration,0,0.0,2.62610216119515,0.43333333333333335
s019,calibration,0,0.1,3.5484118927314463,0.1
s019,calibration,0,0.2,0.9507620234780071,0.5
s019,calibration,0,0.3,2.7653165679795424,0.26666666666666666
s019,calibration,0,0.5,2.4463672701688393,0.4
s019,calibration,1,0.0,2.6119763374231426,0.26666666666666666
s019,calibration,1,0.1,4.980050556065163,0.1
s019,calibration,1,0.2,1.90583251580555,0.36666666666666664
s019,calibration,1,0.3,2.220807040838893,0.26666666666666666
s019,calibration,1,0.5,3.0137513789342436,0.43333333333333335
s019,calibration,2,0.0,2.2335967940552117,0.3333333333333333
s019,calibration,2,0.1,3.8547606285083056,0.1
s019,calibration,2,0.2,1.8217136903530817,0.36666666666666664
s019,calibration,2,0.3,3.1290282638259157,0.3
s019,calibration,2,0.5,2.0069282224081397,0.36666666666666664
s019,calibration,3,0.0,6.583640466796362,0.03333333333333333
s019,calibration,3,0.1,2.320211371551588,0.26666666666666666
s019,calibration,3,0.2,1.6251024710912643,0.23333333333333334
s019,calibration,3,0.3,2.6551300029153704,0.23333333333333334
s019,calibration,3,0.5,2.3300633687955337,0.5
s019,calibration,4,0.0,2.4266994606747136,0.43333333333333335
s019,calibration,4,0.1,4.461154672395641,0.1
s019,calibration,4,0.2,2.1500528262965677,0.3
s019,calibration,4,0.3,2.906103918085815,0.26666666666666666
s019,calibration,4,0.5,2.115925905517187,0.3333333333333333
s020,calibration,0,0.0,1.9773803775667764,0.4666666666666667
s020,calibration,0,0.1,2.0572916969958857,0.5
s020,calibration,0,0.2,2.624884239551717,0.13333333333333333
s020,calibration,0,0.3,2.2421303623053754,0.36666666666666664
s020,calibration,0,0.5,3.1980475862414073,0.43333333333333335
s020,calibration,1,0.0,3.625678919400418,0.16666666666666666
s020,calibration,1,0.1,1.8488044509912354,0.5
s020,calibration,1,0.2,2.177092179005344,0.5
s020,calibration,1,0.3,2.5073579929899465,0.43333333333333335
s020,calibration,1,0.5,2.8667902529264966,0.43333333333333335
s020,calibration,2,0.0,2.2447503404511857,0.4
s020,calibration,2,0.1,1.6221023046460812,0.43333333333333335
s020,calibration,2,0.2,1.6150103033820913,0.5
s020,calibration,2,0.3,2.5496222252875023,0.43333333333333335
s020,calibration,2,0.5,1.912327876440037,0.4666666666666667
s020,calibration,3,0.0,2.0251035127896064,0.3333333333333333
s020,calibration,3,0.1,2.2639029949645524,0.2
s020,calibration,3,0.2,1.7426150837184868,0.43333333333333335
s020,calibration,3,0.3,1.5611031686141248,0.36666666666666664
s020,calibration,3,0.5,2.1250400639682736,0.5
s020,calibration,4,0.0,2.3571574882314446,0.5
s020,calibration,4,0.1,2.441969030931706,0.43333333333333335
s020,calibration,4,0.2,1.781216472564189,0.4
s020,calibration,4,0.3,2.083389836195203,0.16666666666666666
s020,calibration,4,0.5,2.5793071687325573,0.5
s021,calibration,0,0.0,1.728570775935879,0.4
s021,calibration,0,0.1,3.7928227655470432,0.13333333333333333
s021,calibration,0,0.2,4.400973045784358,0.2
s021,calibration,0,0.3,4.759930242512546,0.3
s021,calibration,0,0.5,3.919021219125885,0.4
s021,calibration,1,0.0,1.7720091125643074,0.4666666666666667
s021,calibration,1,0.1,5.3927621003592865,0.1
s021,calibration,1,0.2,5.231940094325389,0.2
s021,calibration,1,0.3,4.631408533691081,0.3
s021,calibration,1,0.5,4.374998701833145,0.4666666666666667
s021,calibration,2,0.0,2.137782583011917,0.43333333333333335
s021,calibration,2,0.1,3.9441551289034615,0.1
s021,calibration,2,0.2,4.494807282448534,0.2
s021,calibration,2,0.3,4.844066603714741,0.3
s021,calibration,2,0.5,3.918594886063864,0.5
s021,calibration,3,0.0,1.7837170200507304,0.36666666666666664
s021,calibration,3,0.1,5.353483822550383,0.1
s021,calibration,3,0.2,3.7298811446187896,0.2
s021,calibration,3,0.3,3.627822576752195,0.3
s021,calibration,3,0.5,4.4070822017012565,0.4
s021,calibration,4,0.0,1.5674502643345218,0.3
s021,calibration,4,0.1,5.864955786634602,0.1
s021,calibration,4,0.2,4.619458612659483,0.2
s021,calibration,4,0.3,3.187577188576831,0.3
s021,calibration,4,0.5,3.3915512994614025,0.5
s022,calibration,0,0.0,2.7798359630671055,0.23333333333333334
s022,calibration,0,0.1,2.6622799398965142,0.4666666666666667
s022,calibration,0,0.2,2.222763408095165,0.4666666666666667
s022,calibration,0,0.3,3.47498995648731,0.43333333333333335
s022,calibration,0,0.5,3.423052701589009,0.4
s022,calibration,1,0.0,2.371194617959289,0.23333333333333334
s022,calibration,1,0.1,2.735455984698641,0.43333333333333335
s022,calibration,1,0.2,2.2591137366360012,0.36666666666666664
s022,calibration,1,0.3,3.375270475501307,0.36666666666666664
s022,calibration,1,0.5,3.6118235853646996,0.36666666666666664
s022,calibration,2,0.0,2.246781197547085,0.4666666666666667
s022,calibration,2,0.1,2.6647390889392577,0.43333333333333335
s022,calibration,2,0.2,2.964223124089317,0.36666666666666664
s022,calibration,2,0.3,2.6639234794129383,0.4
s022,calibration,2,0.5,3.2097591450629412,0.4666666666666667
s022,calibration,3,0.0,2.2388641739568977,0.4
s022,calibration,3,0.1,2.641080458715909,0.4666666666666667
s022,calibration,3,0.2,2.542547906661588,0.36666666666666664
s022,calibration,3,0.3,2.9261545946323464,0.5
s022,calibration,3,0.5,3.279757861201019,0.43333333333333335
s022,calibration,4,0.0,2.8471962036898693,0.4666666666666667
s022,calibration,4,0.1,2.5181282804079723,0.5
s022,calibration,4,0.2,2.6026608721152167,0.43333333333333335
s022,calibration,4,0.3,2.2400246315891343,0.43333333333333335
s022,calibration,4,0.5,3.507042618703428,0.3
s024,calibration,0,0.0,2.2105320083748627,0.3333333333333333
s024,calibration,0,0.1,3.6077829238658,0.1
s024,calibration,0,0.2,3.324961998639648,0.2
s024,calibration,0,0.3,3.022021058610549,0.3
s024,calibration,0,0.5,2.2727498586860166,0.5
s024,calibration,1,0.0,2.3215923652430948,0.3
s024,calibration,1,0.1,3.7224697988122406,0.1
s024,calibration,1,0.2,1.0795185122593152,0.43333333333333335
s024,calibration,1,0.3,2.8476572006590555,0.3
s024,calibration,1,0.5,2.7595385155797976,0.5
s024,calibration,2,0.0,2.0404743872660336,0.36666666666666664
s024,calibration,2,0.1,3.3550357331151375,0.16666666666666666
s024,calibration,2,0.2,3.1207640638312077,0.2
s024,calibration,2,0.3,3.2353894511066277,0.3
s024,calibration,2,0.5,2.854825263301824,0.5
s024,calibration,3,0.0,2.5162391411636396,0.23333333333333334
s024,calibration,3,0.1,3.236360590085672,0.1
s024,calibration,3,0.2,2.878427848927213,0.2
s024,calibration,3,0.3,3.561997612536374,0.3
s024,calibration,3,0.5,2.5180112086019917,0.5
s024,calibration,4,0.0,2.52515317279917,0.3
s024,calibration,4,0.1,1.3331150196586106,0.43333333333333335
s024,calibration,4,0.2,2.821328108098985,0.2
s024,calibration,4,0.3,3.217473320919112,0.3
s024,calibration,4,0.5,2.6574461459375596,0.5
s025,calibration,0,0.0,1.831599525555593,0.3
s025,calibration,0,0.1,2.109405179778971,0.4
s025,calibration,0,0.2,2.0511187355408556,0.3333333333333333
s025,calibration,0,0.3,2.861352732415804,0.26666666666666666
s025,calibration,0,0.5,1.4743644658225454,0.4666666666666667
s025,calibration,1,0.0,2.3054711402444097,0.4
s025,calibration,1,0.1,1.9399531792528404,0.4666666666666667
s025,calibration,1,0.2,1.2666666377706093,0.4666666666666667
s025,calibration,1,0.3,1.7533775740797921,0.5
s025,calibration,1,0.5,2.556719800917659,0.4666666666666667
s025,calibration,2,0.0,1.9972621573684841,0.3333333333333333
s025,calibration,2,0.1,1.7557936619571408,0.5
s025,calibration,2,0.2,2.3058610269671154,0.3
s025,calibration,2,0.3,2.3961698161310276,0.43333333333333335
s025,calibration,2,0.5,1.7497773772010792,0.4
s025,calibration,3,0.0,1.8063380643510107,0.43333333333333335
s025,calibration,3,0.1,1.6236930820666406,0.4
s025,calibration,3,0.2,2.1431797198333475,0.3
s025,calibration,3,0.3,1.7454526907538752,0.36666666666666664
s025,calibration,3,0.5,2.4610602163630246,0.4
s025,calibration,4,0.0,2.2397066694746988,0.43333333333333335
s025,calibration,4,0.1,1.8284104726060955,0.43333333333333335
s025,calibration,4,0.2,1.6861046364608168,0.5
s025,calibration,4,0.3,1.6076165024412619,0.4666666666666667
s025,calibration,4,0.5,2.4243365676535165,0.4
s026,calibration,0,0.0,2.3894908451078933,0.4
s026,calibration,0,0.1,3.114065357951763,0.1
s026,calibration,0,0.2,3.9944399075678376,0.2
s026,calibration,0,0.3,2.659725161322708,0.3
s026,calibration,0,0.5,3.259549229093587,0.4666666666666667
s026,calibration,1,0.0,2.3838965618490677,0.3
s026,calibration,1,0.1,3.205418796221738,0.1
s026,calibration,1,0.2,3.1879712598628,0.2
s026,calibration,1,0.3,2.263205650430083,0.3
s026,calibration,1,0.5,3.387422457490583,0.5
s026,calibration,2,0.0,2.681923870365823,0.36666666666666664
s026,calibration,2,0.1,3.1765129583881824,0.13333333333333333
s026,calibration,2,0.2,3.8491735228457404,0.16666666666666666
s026,calibration,2,0.3,2.6375016539966913,0.4
s026,calibration,2,0.5,3.5712607285774043,0.4
s026,calibration,3,0.0,2.4032701601141584,0.4
s026,calibration,3,0.1,2.7244602245087766,0.26666666666666666
s026,calibration,3,0.2,2.8891421690654657,0.2
s026,calibration,3,0.3,3.0594297325642823,0.26666666666666666
s026,calibration,3,0.5,2.273419216654389,0.5
s026,calibration,4,0.0,2.243192524174903,0.5
s026,calibration,4,0.1,2.5298103753005843,0.2
s026,calibration,4,0.2,3.6888676406561847,0.2
s026,calibration,4,0.3,2.835745371974637,0.26666666666666666
s026,calibration,4,0.5,2.925888814847072,0.4666666666666667
s027,calibration,0,0.0,2.6776289053729707,0.36666666666666664
s027,calibration,0,0.1,1.73145786422105,0.23333333333333334
s027,calibration,0,0.2,2.7577668148147025,0.2
s027,calibration,0,0.3,1.9674441327639518,0.26666666666666666
s027,calibration,0,0.5,1.9170619079889022,0.5
s027,calibration,1,0.0,3.4227163280779527,0.13333333333333333
s027,calibration,1,0.1,3.321090110218821,0.13333333333333333
s027,calibration,1,0.2,1.609629658902501,0.3333333333333333
s027,calibration,1,0.3,1.8717916690062957,0.26666666666666666
s027,calibration,1,0.5,2.1042532492397745,0.5
s027,calibration,2,0.0,2.6689520421619366,0.16666666666666666
s027,calibration,2,0.1,2.153205731203447,0.5
s027,calibration,2,0.2,2.5445574057254237,0.26666666666666666
s027,calibration,2,0.3,2.960369829684587,0.06666666666666667
s027,calibration,2,0.5,2.414261500714787,0.3333333333333333
s027,calibration,3,0.0,2.557225197423466,0.3333333333333333
s027,calibration,3,0.1,2.269284452734606,0.3333333333333333
s027,calibration,3,0.2,1.7777074027939783,0.3
s027,calibration,3,0.3,2.0844142910343124,0.4
s027,calibration,3,0.5,3.0536320943179813,0.16666666666666666
s027,calibration,4,0.0,3.841898060918016,0.16666666666666666
s027,calibration,4,0.1,2.6092558677092175,0.23333333333333334
s027,calibration,4,0.2,1.8389355961584184,0.4666666666666667
s027,calibration,4,0.3,2.5609911576473237,0.4
s027,calibration,4,0.5,2.846578653994169,0.2
s028,calibration,0,0.0,1.8511551478839747,0.3
s028,calibration,0,0.1,4.4251897024763815,0.1
s028,calibration,0,0.2,3.631013588614307,0.26666666666666666
s028,calibration,0,0.3,4.11869241631714,0.3
s028,calibration,0,0.5,3.869491337509809,0.5
s028,calibration,1,0.0,2.306097350049158,0.3333333333333333
s028,calibration,1,0.1,2.0311945401401865,0.4666666666666667
s028,calibration,1,0.2,4.616449648074528,0.2
s028,calibration,1,0.3,3.3079966429807017,0.3
s028,calibration,1,0.5,3.4670808348279376,0.4666666666666667
s028,calibration,2,0.0,2.379611789782466,0.36666666666666664
s028,calibration,2,0.1,5.304165292440431,0.06666666666666667
s028,calibration,2,0.2,3.0560333520168443,0.23333333333333334
s028,calibration,2,0.3,3.773564844155281,0.3
s028,calibration,2,0.5,3.093366545949729,0.5
s028,calibration,3,0.0,2.851714608634758,0.4
s028,calibration,3,0.1,1.7268627547649404,0.43333333333333335
s028,calibration,3,0.2,4.396861931075793,0.2
s028,calibration,3,0.3,3.1265031168449804,0.36666666666666664
s028,calibration,3,0.5,4.002046476827805,0.5
s028,calibration,4,0.0,2.097970031363381,0.3333333333333333
s028,calibration,4,0.1,1.5964199727176804,0.3333333333333333
s028,calibration,4,0.2,4.161255247388913,0.23333333333333334
s028,calibration,4,0.3,4.299074607649402,0.3
s028,calibration,4,0.5,4.042923567877764,0.4666666666666667
s029,calibration,0,0.0,2.544186269872194,0.06666666666666667
s029,calibration,0,0.1,6.302710853031584,0.1
s029,calibration,0,0.2,6.337817435822951,0.2
s029,calibration,0,0.3,4.526230586386318,0.3
s029,calibration,0,0.5,5.002548508125793,0.4666666666666667
s029,calibration,1,0.0,1.967081925109196,0.36666666666666664
s029,calibration,1,0.1,7.9215461292897915,0.1
s029,calibration,1,0.2,6.278720862622313,0.2
s029,calibration,1,0.3,5.015282597003157,0.3
s029,calibration,1,0.5,3.923182530798952,0.5
s029,calibration,2,0.0,2.408855914653491,0.4
s029,calibration,2,0.1,4.940544436662949,0.1
s029,calibration,2,0.2,4.553009733905818,0.2
s029,calibration,2,0.3,5.477799025573395,0.3
s029,calibration,2,0.5,4.961571571488191,0.5
s029,calibration,3,0.0,1.8776308915460111,0.4
s029,calibration,3,0.1,3.823205306824126,0.13333333333333333
s029,calibration,3,0.2,6.067697261014137,0.2
s029,calibration,3,0.3,4.487133590503798,0.3
s029,calibration,3,0.5,4.392557387388756,0.5
s029,calibration,4,0.0,2.0720447757146614,0.06666666666666667
s029,calibration,4,0.1,7.665857399344909,0.1
s029,calibration,4,0.2,4.95493326463461,0.2
s029,calibration,4,0.3,5.5778597597046335,0.3
s029,calibration,4,0.5,4.628224749203609,0.5
s030,calibration,0,0.0,1.7370888331789518,0.4666666666666667
s030,calibration,0,0.1,2.007178544343707,0.4666666666666667
s030,calibration,0,0.2,1.8986650040918742,0.4666666666666667
s030,calibration,0,0.3,2.353533325752686,0.4
s030,calibration,0,0.5,1.9998490680514642,0.43333333333333335
s030,calibration,1,0.0,2.4292450672908292,0.4
s030,calibration,1,0.1,2.9385465846857524,0.43333333333333335
s030,calibration,1,0.2,1.8632769859799303,0.43333333333333335
s030,calibration,1,0.3,1.9684495509986246,0.36666666666666664
s030,calibration,1,0.5,1.812043496172804,0.4
s030,calibration,2,0.0,2.0035279595893805,0.4
s030,calibration,2,0.1,1.7920687652911604,0.4666666666666667
s030,calibration,2,0.2,2.980838649715069,0.3
s030,calibration,2,0.3,2.3178887569607505,0.3
s030,calibration,2,0.5,2.1082213289446674,0.4666666666666667
s030,calibration,3,0.0,2.386994491227501,0.4
s030,calibration,3,0.1,1.7918443865634113,0.36666666666666664
s030,calibration,3,0.2,2.7254917699288588,0.3
s030,calibration,3,0.3,1.6295162717317921,0.26666666666666666
s030,calibration,3,0.5,2.0745852038081707,0.4
s030,calibration,4,0.0,3.696553474989593,0.16666666666666666
s030,calibration,4,0.1,2.000276104597225,0.43333333333333335
s030,calibration,4,0.2,2.1085427533920726,0.36666666666666664
s030,calibration,4,0.3,2.2925806809633564,0.4
s030,calibration,4,0.5,2.0005217690508146,0.43333333333333335
s031,evaluation,0,0.0,2.1529003319497955,0.4666666666666667
s031,evaluation,0,0.1,2.2993644511399856,0.43333333333333335
s031,evaluation,0,0.2,1.8268109711992226,0.4666666666666667
s031,evaluation,0,0.3,2.410890619037038,0.3
s031,evaluation,0,0.5,2.8491423792247255,0.4
s031,evaluation,1,0.0,2.2308275340898014,0.43333333333333335
s031,evaluation,1,0.1,1.9892990482070294,0.3
s031,evaluation,1,0.2,1.937474292803819,0.3
s031,evaluation,1,0.3,2.6671776715053856,0.26666666666666666
s031,evaluation,1,0.5,1.7766154464422013,0.4666666666666667
s031,evaluation,2,0.0,2.3684143163539524,0.4666666666666667
s031,evaluation,2,0.1,1.6860949205338651,0.3333333333333333
s031,evaluation,2,0.2,1.9933381105475,0.43333333333333335
s031,evaluation,2,0.3,3.0974352358152526,0.23333333333333334
s031,evaluation,2,0.5,2.3154692885136043,0.36666666666666664
s031,evaluation,3,0.0,1.8203811964642227,0.36666666666666664
s031,evaluation,3,0.1,1.991491805344102,0.3
s031,evaluation,3,0.2,2.137227937080355,0.23333333333333334
s031,evaluation,3,0.3,2.089071518412578,0.36666666666666664
s031,evaluation,3,0.5,2.4447078846556987,0.5
s031,evaluation,4,0.0,2.199683286540389,0.4666666666666667
s031,evaluation,4,0.1,1.4684041051148575,0.4
s031,evaluation,4,0.2,3.735653394133537,0.1
s031,evaluation,4,0.3,2.074503832558303,0.4666666666666667
s031,evaluation,4,0.5,1.753482476031806,0.4666666666666667
s032,evaluation,0,0.0,1.9984602721031983,0.26666666666666666
s032,evaluation,0,0.1,5.427537505616767,0.1
s032,evaluation,0,0.2,5.667503975508427,0.2
s032,evaluation,0,0.3,4.842762663231129,0.3
s032,evaluation,0,0.5,4.512807591523907,0.5
s032,evaluation,1,0.0,1.8180146618381072,0.5
s032,evaluation,1,0.1,4.687406215194091,0.1
s032,evaluation,1,0.2,5.469385831186931,0.2
s032,evaluation,1,0.3,5.280750585548572,0.3
s032,evaluation,1,0.5,5.376642545807148,0.5
s032,evaluation,2,0.0,2.0187447228733086,0.3333333333333333
s032,evaluation,2,0.1,5.1693038751544,0.1
s032,evaluation,2,0.2,5.271757273285602,0.2
s032,evaluation,2,0.3,6.016902962312367,0.3
s032,evaluation,2,0.5,4.955090405309257,0.5
s032,evaluation,3,0.0,2.005988796906782,0.4
s032,evaluation,3,0.1,4.502606492852341,0.1
s032,evaluation,3,0.2,5.097566357560574,0.2
s032,evaluation,3,0.3,5.564289855392896,0.3
s032,evaluation,3,0.5,5.5243672018295875,0.5
s032,evaluation,4,0.0,1.9416852819608525,0.4
s032,evaluation,4,0.1,5.100534703266199,0.1
s032,evaluation,4,0.2,5.629248084629904,0.2
s032,evaluation,4,0.3,4.914330911662224,0.3
s032,evaluation,4,0.5,4.520049275690602,0.5
s033,evaluation,0,0.0,3.012828449333771,0.3333333333333333
s033,evaluation,0,0.1,5.277139538359624,0.1
s033,evaluation,0,0.2,5.693734927105909,0.2
s033,evaluation,0,0.3,5.565493256039268,0.26666666666666666
s033,evaluation,0,0.5,5.344231101357061,0.4666666666666667
s033,evaluation,1,0.0,2.8808396499431845,0.4
s033,evaluation,1,0.1,5.5463222314057745,0.1
s033,evaluation,1,0.2,5.599179155359785,0.2
s033,evaluation,1,0.3,5.877415978053201,0.23333333333333334
s033,evaluation,1,0.5,5.749451552803275,0.5
s033,evaluation,2,0.0,2.595144187654291,0.4
s033,evaluation,2,0.1,5.449427523101215,0.1
s033,evaluation,2,0.2,6.052291043721679,0.2
s033,evaluation,2,0.3,5.817099189973855,0.3
s033,evaluation,2,0.5,5.298606657617049,0.4666666666666667
s033,evaluation,3,0.0,2.5203310586338605,0.4
s033,evaluation,3,0.1,6.524682913151147,0.1
s033,evaluation,3,0.2,5.821058417028921,0.2
s033,evaluation,3,0.3,6.7601624047451905,0.3
s033,evaluation,3,0.5,4.418015444805047,0.5
s033,evaluation,4,0.0,2.323486331231057,0.43333333333333335
s033,evaluation,4,0.1,5.154257196724345,0.1
s033,evaluation,4,0.2,5.659106309390977,0.2
s033,evaluation,4,0.3,5.319974336599705,0.3
s033,evaluation,4,0.5,5.009625561695214,0.43333333333333335
s034,evaluation,0,0.0,1.6358163542831223,0.3
s034,evaluation,0,0.1,2.085500851274328,0.43333333333333335
s034,evaluation,0,0.2,2.466597164930545,0.23333333333333334
s034,evaluation,0,0.3,2.7422715825581236,0.23333333333333334
s034,evaluation,0,0.5,3.0492201269470764,0.5
s034,evaluation,1,0.0,2.329221926849792,0.4
s034,evaluation,1,0.1,2.4034016113524173,0.3
s034,evaluation,1,0.2,2.7159724892064343,0.3333333333333333
s034,evaluation,1,0.3,2.448993061636434,0.3333333333333333
s034,evaluation,1,0.5,3.4514644772874297,0.36666666666666664
s034,evaluation,2,0.0,2.148967796003276,0.4
s034,evaluation,2,0.1,2.424821504033504,0.26666666666666666
s034,evaluation,2,0.2,3.2259322793695135,0.23333333333333334
s034,evaluation,2,0.3,2.583633229653129,0.26666666666666666
s034,evaluation,2,0.5,2.2368691982216644,0.4
s034,evaluation,3,0.0,2.023022453976011,0.43333333333333335
s034,evaluation,3,0.1,2.752320329081184,0.2
s034,evaluation,3,0.2,2.0833791761312406,0.36666666666666664
s034,evaluation,3,0.3,3.0263031475024498,0.3
s034,evaluation,3,0.5,3.2733797448659474,0.43333333333333335
s034,evaluation,4,0.0,1.9478224737678316,0.43333333333333335
s034,evaluation,4,0.1,2.342162423813365,0.3
s034,evaluation,4,0.2,2.762397078927791,0.2
s034,evaluation,4,0.3,1.9994148618066532,0.3
s034,evaluation,4,0.5,3.1569554785208584,0.36666666666666664
s035,evaluation,0,0.0,2.6941848998920013,0.36666666666666664
s035,evaluation,0,0.1,6.5475886531810845,0.1
s035,evaluation,0,0.2,4.242397604341921,0.2
s035,evaluation,0,0.3,3.606374424679678,0.3
s035,evaluation,0,0.5,3.9930807402392916,0.5
s035,evaluation,1,0.0,2.3282365044789817,0.36666666666666664
s035,evaluation,1,0.1,4.725249337141851,0.1
s035,evaluation,1,0.2,3.5649426462121956,0.2
s035,evaluation,1,0.3,4.897152332905786,0.3
s035,evaluation,1,0.5,4.644625431155553,0.5
s035,evaluation,2,0.0,2.040997869950849,0.4666666666666667
s035,evaluation,2,0.1,5.70036289148252,0.1
s035,evaluation,2,0.2,4.930039738584037,0.2
s035,evaluation,2,0.3,5.510001795481536,0.3
s035,evaluation,2,0.5,5.412693833958788,0.5
s035,evaluation,3,0.0,3.122573766189273,0.36666666666666664
s035,evaluation,3,0.1,4.630199319994362,0.1
s035,evaluation,3,0.2,4.399365793257494,0.2
s035,evaluation,3,0.3,4.40630146907819,0.3
s035,evaluation,3,0.5,4.561704693072314,0.5
s035,evaluation,4,0.0,2.8738755554240845,0.4
s035,evaluation,4,0.1,5.17412769942062,0.1
s035,evaluation,4,0.2,4.025775214659672,0.2
s035,evaluation,4,0.3,5.173965389886363,0.3
s035,evaluation,4,0.5,4.651691885516929,0.5
s036,evaluation,0,0.0,2.4089421246387177,0.3
s036,evaluation,0,0.1,74.15441650010885,0.1
s036,evaluation,0,0.2,30.85585803799937,0.2
s036,evaluation,0,0.3,21.345438407191768,0.26666666666666666
s036,evaluation,0,0.5,12.484211746795294,0.4666666666666667
s036,evaluation,1,0.0,349.3286421643363,0.03333333333333333
s036,evaluation,1,0.1,53.71747140581247,0.06666666666666667
s036,evaluation,1,0.2,47.92412230114385,0.2
s036,evaluation,1,0.3,41.67378117417501,0.3
s036,evaluation,1,0.5,14.963965823291103,0.4666666666666667
s036,evaluation,2,0.0,2.5801868211994665,0.43333333333333335
s036,evaluation,2,0.1,95.69147093541764,0.1
s036,evaluation,2,0.2,40.66800220571347,0.2
s036,evaluation,2,0.3,22.03108540774278,0.3
s036,evaluation,2,0.5,10.492243876756213,0.5
s036,evaluation,3,0.0,2.182099759704554,0.4
s036,evaluation,3,0.1,82.7770510832108,0.1
s036,evaluation,3,0.2,29.879777000882374,0.2
s036,evaluation,3,0.3,25.177281433285767,0.3
s036,evaluation,3,0.5,21.348434891100183,0.4666666666666667
s036,evaluation,4,0.0,385.60796496679893,0.03333333333333333
s036,evaluation,4,0.1,117.94705786836491,0.1
s036,evaluation,4,0.2,35.55994519200852,0.2
s036,evaluation,4,0.3,24.904247018478845,0.3
s036,evaluation,4,0.5,18.227136008065266,0.5
s037,evaluation,0,0.0,2.2772721509277347,0.4666666666666667
s037,evaluation,0,0.1,2.2821755084466706,0.3333333333333333
s037,evaluation,0,0.2,2.0628443710908035,0.26666666666666666
s037,evaluation,0,0.3,3.8970014654835885,0.1
s037,evaluation,0,0.5,1.4310723771967429,0.4
s037,evaluation,1,0.0,4.104225058343202,0.13333333333333333
s037,evaluation,1,0.1,3.8338648678275864,0.06666666666666667
s037,evaluation,1,0.2,2.1228377216210306,0.26666666666666666
s037,evaluation,1,0.3,3.1502945892328817,0.1
s037,evaluation,1,0.5,2.1556050230724275,0.3
s037,evaluation,2,0.0,4.455905423025425,0.06666666666666667
s037,evaluation,2,0.1,2.173158094523691,0.3
s037,evaluation,2,0.2,2.707020104492772,0.3333333333333333
s037,evaluation,2,0.3,2.172262038003871,0.26666666666666666
s037,evaluation,2,0.5,2.0917282269069597,0.4666666666666667
s037,evaluation,3,0.0,1.9088317724589965,0.36666666666666664
s037,evaluation,3,0.1,3.3896111648086222,0.2
s037,evaluation,3,0.2,2.607307815598851,0.2
s037,evaluation,3,0.3,1.8095679399067612,0.36666666666666664
s037,evaluation,3,0.5,1.9791640484705564,0.4
s037,evaluation,4,0.0,1.813153578071295,0.3333333333333333
s037,evaluation,4,0.1,2.9654528789218224,0.23333333333333334
s037,evaluation,4,0.2,2.550691794928107,0.26666666666666666
s037,evaluation,4,0.3,3.468236302873441,0.13333333333333333
s037,evaluation,4,0.5,2.2022583034605576,0.26666666666666666
s038,evaluation,0,0.0,3.1568532256337165,0.16666666666666666
s038,evaluation,0,0.1,2.424859826865415,0.4
s038,evaluation,0,0.2,1.8027719611648327,0.4666666666666667
s038,evaluation,0,0.3,2.332938372382209,0.4666666666666667
s038,evaluation,0,0.5,2.2125315260347276,0.36666666666666664
s038,evaluation,1,0.0,3.2325906584838244,0.2
s038,evaluation,1,0.1,2.5476451494129746,0.2
s038,evaluation,1,0.2,2.4991034021991356,0.23333333333333334
s038,evaluation,1,0.3,1.9113977360623626,0.4
s038,evaluation,1,0.5,2.2810203979052455,0.26666666666666666
s038,evaluation,2,0.0,2.3979348641450837,0.16666666666666666
s038,evaluation,2,0.1,2.11618546379544,0.4
s038,evaluation,2,0.2,2.735499560185425,0.2
s038,evaluation,2,0.3,1.7283664978556805,0.4
s038,evaluation,2,0.5,2.330774491572162,0.43333333333333335
s038,evaluation,3,0.0,2.253781664685833,0.26666666666666666
s038,evaluation,3,0.1,2.2632252927475847,0.2
s038,evaluation,3,0.2,2.166747530396107,0.23333333333333334
s038,evaluation,3,0.3,2.097825400638691,0.43333333333333335
s038,evaluation,3,0.5,2.5673232122851397,0.43333333333333335
s038,evaluation,4,0.0,2.3705513224111354,0.13333333333333333
s038,evaluation,4,0.1,2.667682914321078,0.26666666666666666
s038,evaluation,4,0.2,1.9823519408861612,0.23333333333333334
s038,evaluation,4,0.3,2.0555251692280923,0.36666666666666664
s038,evaluation,4,0.5,2.3518114655944315,0.2
s039,evaluation,0,0.0,1.7226320712177783,0.43333333333333335
s039,evaluation,0,0.1,3.759644903398228,0.13333333333333333
s039,evaluation,0,0.2,4.110997024829557,0.2
s039,evaluation,0,0.3,3.7000709068447417,0.3
s039,evaluation,0,0.5,3.944441013927199,0.4666666666666667
s039,evaluation,1,0.0,1.865151249631753,0.4666666666666667
s039,evaluation,1,0.1,5.449272350477977,0.06666666666666667
s039,evaluation,1,0.2,3.720874541994639,0.23333333333333334
s039,evaluation,1,0.3,2.759541096859641,0.3333333333333333
s039,evaluation,1,0.5,3.443941393294158,0.43333333333333335
s039,evaluation,2,0.0,1.8364704155629195,0.26666666666666666
s039,evaluation,2,0.1,4.637243679254135,0.1
s039,evaluation,2,0.2,3.155586197153939,0.26666666666666666
s039,evaluation,2,0.3,3.81905522371244,0.3
s039,evaluation,2,0.5,3.11148500420912,0.4
s039,evaluation,3,0.0,1.6298810949432032,0.36666666666666664
s039,evaluation,3,0.1,4.121948707605545,0.16666666666666666
s039,evaluation,3,0.2,3.0299378931833147,0.26666666666666666
s039,evaluation,3,0.3,4.65303601873233,0.3
s039,evaluation,3,0.5,3.2426873938340073,0.43333333333333335
s039,evaluation,4,0.0,2.335215673338276,0.3
s039,evaluation,4,0.1,4.270446354616141,0.1
s039,evaluation,4,0.2,3.2076960356665523,0.26666666666666666
s039,evaluation,4,0.3,2.747601820205464,0.4
s039,evaluation,4,0.5,2.9371391419227613,0.5
s040,evaluation,0,0.0,1.7526217098902623,0.5
s040,evaluation,0,0.1,2.0168238867745045,0.5
s040,evaluation,0,0.2,2.4403037695147223,0.4
s040,evaluation,0,0.3,2.202975462412627,0.3
s040,evaluation,0,0.5,3.1784930188705287,0.26666666666666666
s040,evaluation,1,0.0,1.9222176247671403,0.23333333333333334
s040,evaluation,1,0.1,1.542751372942714,0.4666666666666667
s040,evaluation,1,0.2,2.1490159959698945,0.5
s040,evaluation,1,0.3,2.1666533923142417,0.43333333333333335
s040,evaluation,1,0.5,2.6489340523967577,0.5
s040,evaluation,2,0.0,2.095912544288814,0.36666666666666664
s040,evaluation,2,0.1,2.1642023557260464,0.43333333333333335
s040,evaluation,2,0.2,2.482372994949132,0.43333333333333335
s040,evaluation,2,0.3,2.396986036014083,0.4
s040,evaluation,2,0.5,2.8223725903889667,0.26666666666666666
s040,evaluation,3,0.0,2.121509537986483,0.36666666666666664
s040,evaluation,3,0.1,2.2111022368505155,0.4
s040,evaluation,3,0.2,2.2269332400210806,0.43333333333333335
s040,evaluation,3,0.3,2.151434227613611,0.4666666666666667
s040,evaluation,3,0.5,2.1913033041638608,0.43333333333333335
s040,evaluation,4,0.0,1.825548741890975,0.3333333333333333
s040,evaluation,4,0.1,1.8695025175306779,0.36666666666666664
s040,evaluation,4,0.2,2.3958617538564577,0.4
s040,evaluation,4,0.3,2.6637922585434315,0.5
s040,evaluation,4,0.5,2.8249934203054092,0.4
s041,evaluation,0,0.0,1.8782232691578609,0.3333333333333333
s041,evaluation,0,0.1,1.1608210987946803,0.4666666666666667
s041,evaluation,0,0.2,1.5329938473818983,0.3333333333333333
s041,evaluation,0,0.3,2.989558139600619,0.3
s041,evaluation,0,0.5,3.0796581207212395,0.36666666666666664
s041,evaluation,1,0.0,3.052130070634904,0.13333333333333333
s041,evaluation,1,0.1,1.7097047364501698,0.26666666666666666
s041,evaluation,1,0.2,2.350153543171637,0.2
s041,evaluation,1,0.3,2.3548410404982563,0.3
s041,evaluation,1,0.5,3.496977792063099,0.5
s041,evaluation,2,0.0,1.8135072222728619,0.3
s041,evaluation,2,0.1,1.649201765324059,0.2
s041,evaluation,2,0.2,3.0793917526681907,0.2
s041,evaluation,2,0.3,2.475612809707919,0.3
s041,evaluation,2,0.5,3.366851126362611,0.5
s041,evaluation,3,0.0,2.5591963898128673,0.13333333333333333
s041,evaluation,3,0.1,1.8031379324883943,0.16666666666666666
s041,evaluation,3,0.2,1.6077122599146823,0.36666666666666664
s041,evaluation,3,0.3,1.3976689938159286,0.3
s041,evaluation,3,0.5,3.3656822767370165,0.5
s041,evaluation,4,0.0,4.372879559061477,0.1
s041,evaluation,4,0.1,1.6431939293750746,0.4
s041,evaluation,4,0.2,1.5164621041266755,0.4666666666666667
s041,evaluation,4,0.3,1.7196160866428378,0.36666666666666664
s041,evaluation,4,0.5,2.621649147417406,0.5
s042,evaluation,0,0.0,2.942907872030322,0.3333333333333333
s042,evaluation,0,0.1,5.019286838835757,0.13333333333333333
s042,evaluation,0,0.2,4.483672948996359,0.2
s042,evaluation,0,0.3,4.250378005196852,0.3
s042,evaluation,0,0.5,4.5431381680314376,0.5
s042,evaluation,1,0.0,1.8775541775145157,0.13333333333333333
s042,evaluation,1,0.1,4.380701678546584,0.13333333333333333
s042,evaluation,1,0.2,5.048230752730599,0.23333333333333334
s042,evaluation,1,0.3,5.220576251162245,0.3333333333333333
s042,evaluation,1,0.5,6.502903887315254,0.03333333333333333
s042,evaluation,2,0.0,2.6809449094437783,0.43333333333333335
s042,evaluation,2,0.1,5.147607273085553,0.1
s042,evaluation,2,0.2,4.228089527024133,0.2
s042,evaluation,2,0.3,4.09464277985835,0.3
s042,evaluation,2,0.5,4.568842488221901,0.5
s042,evaluation,3,0.0,2.6060192037107432,0.3333333333333333
s042,evaluation,3,0.1,5.3571226581483185,0.13333333333333333
s042,evaluation,3,0.2,5.249356019562526,0.2
s042,evaluation,3,0.3,4.835168879945417,0.3
s042,evaluation,3,0.5,4.850243161696903,0.5
s042,evaluation,4,0.0,2.9827225039990912,0.3333333333333333
s042,evaluation,4,0.1,5.260059073778147,0.1
s042,evaluation,4,0.2,5.723630957339202,0.2
s042,evaluation,4,0.3,8.621764748098398,0.03333333333333333
s042,evaluation,4,0.5,5.493726626642063,0.5
s043,evaluation,0,0.0,5.08251627285866,0.03333333333333333
s043,evaluation,0,0.1,5.310778797783559,0.03333333333333333
s043,evaluation,0,0.2,4.389745162222906,0.03333333333333333
s043,evaluation,0,0.3,1.4741600663760008,0.26666666666666666
s043,evaluation,0,0.5,1.514263167260592,0.4666666666666667
s043,evaluation,1,0.0,1.3569472016577784,0.23333333333333334
s043,evaluation,1,0.1,3.353520841257632,0.06666666666666667
s043,evaluation,1,0.2,2.345802845182889,0.16666666666666666
s043,evaluation,1,0.3,1.332388681247279,0.4666666666666667
s043,evaluation,1,0.5,3.135631174035801,0.06666666666666667
s043,evaluation,2,0.0,1.5098554195187486,0.16666666666666666
s043,evaluation,2,0.1,2.1655595355884687,0.4666666666666667
s043,evaluation,2,0.2,1.8232479311000451,0.4666666666666667
s043,evaluation,2,0.3,1.8270404641763456,0.3
s043,evaluation,2,0.5,2.103877249045807,0.3
s043,evaluation,3,0.0,5.498376634068712,0.03333333333333333
s043,evaluation,3,0.1,1.0692298325348073,0.5
s043,evaluation,3,0.2,1.871669725330727,0.4
s043,evaluation,3,0.3,1.2500042794463606,0.13333333333333333
s043,evaluation,3,0.5,1.41013452376677,0.36666666666666664
s043,evaluation,4,0.0,5.457158148411735,0.03333333333333333
s043,evaluation,4,0.1,2.228954884826113,0.1
s043,evaluation,4,0.2,1.4973382522100385,0.36666666666666664
s043,evaluation,4,0.3,3.1702174545116515,0.06666666666666667
s043,evaluation,4,0.5,1.948010621365182,0.3333333333333333
s044,evaluation,0,0.0,1.9081335199102878,0.43333333333333335
s044,evaluation,0,0.1,1.9934904475793804,0.16666666666666666
s044,evaluation,0,0.2,2.791876980578646,0.2
s044,evaluation,0,0.3,2.402816738072211,0.3
s044,evaluation,0,0.5,2.892535332638932,0.4666666666666667
s044,evaluation,1,0.0,1.637600098434277,0.36666666666666664
s044,evaluation,1,0.1,2.967947572920569,0.06666666666666667
s044,evaluation,1,0.2,2.942971373461389,0.2
s044,evaluation,1,0.3,2.278114959282758,0.3
s044,evaluation,1,0.5,2.8986415583559024,0.4666666666666667
s044,evaluation,2,0.0,1.6350211209165515,0.4
s044,evaluation,2,0.1,3.294506293934506,0.1
s044,evaluation,2,0.2,3.0875254744657163,0.16666666666666666
s044,evaluation,2,0.3,3.0267400716174966,0.26666666666666666
s044,evaluation,2,0.5,2.8885544065505564,0.4
s044,evaluation,3,0.0,2.0454549922213334,0.36666666666666664
s044,evaluation,3,0.1,3.577431301645468,0.1
s044,evaluation,3,0.2,3.384609439888395,0.2
s044,evaluation,3,0.3,3.601926984232372,0.3
s044,evaluation,3,0.5,2.1337898595778713,0.5
s044,evaluation,4,0.0,2.05120850416879,0.36666666666666664
s044,evaluation,4,0.1,1.5160590041290134,0.4
s044,evaluation,4,0.2,2.732941427212624,0.16666666666666666
s044,evaluation,4,0.3,3.3321606175913128,0.3
s044,evaluation,4,0.5,2.6816760793450016,0.5
s046,evaluation,0,0.0,1.999816987553004,0.43333333333333335
s046,evaluation,0,0.1,1.9970708858875512,0.23333333333333334
s046,evaluation,0,0.2,1.9452400348989178,0.4
s046,evaluation,0,0.3,1.6973773352982935,0.4
s046,evaluation,0,0.5,1.5202404437371078,0.43333333333333335
s046,evaluation,1,0.0,2.509437215646803,0.36666666666666664
s046,evaluation,1,0.1,2.7012299471579904,0.3
s046,evaluation,1,0.2,2.0490447803266405,0.43333333333333335
s046,evaluation,1,0.3,1.8139736350399156,0.5
s046,evaluation,1,0.5,1.7278566573779561,0.4
s046,evaluation,2,0.0,1.9654726020074178,0.5
s046,evaluation,2,0.1,2.315894826177559,0.36666666666666664
s046,evaluation,2,0.2,2.869371319271504,0.13333333333333333
s046,evaluation,2,0.3,1.4559165908469405,0.3
s046,evaluation,2,0.5,1.685512717476506,0.5
s046,evaluation,3,0.0,1.9340725093807007,0.4
s046,evaluation,3,0.1,2.3479008049480083,0.43333333333333335
s046,evaluation,3,0.2,2.3236983945974155,0.3333333333333333
s046,evaluation,3,0.3,2.2387020746601727,0.4666666666666667
s046,evaluation,3,0.5,1.617369010175534,0.3333333333333333
s046,evaluation,4,0.0,2.0759567339559744,0.4
s046,evaluation,4,0.1,1.5383840755538143,0.43333333333333335
s046,evaluation,4,0.2,1.2805972771957783,0.43333333333333335
s046,evaluation,4,0.3,1.8355973836030122,0.43333333333333335
s046,evaluation,4,0.5,1.9144830202676297,0.36666666666666664
s047,evaluation,0,0.0,2.3440493227041195,0.26666666666666666
s047,evaluation,0,0.1,2.271009038688234,0.26666666666666666
s047,evaluation,0,0.2,4.533493096229645,0.2
s047,evaluation,0,0.3,4.376636258373819,0.36666666666666664
s047,evaluation,0,0.5,3.511246254002966,0.4666666666666667
s047,evaluation,1,0.0,2.3566170728771287,0.4
s047,evaluation,1,0.1,3.979663978815707,0.13333333333333333
s047,evaluation,1,0.2,3.4117350144886807,0.26666666666666666
s047,evaluation,1,0.3,4.387953375995128,0.36666666666666664
s047,evaluation,1,0.5,4.463183419062,0.5
s047,evaluation,2,0.0,1.6997716469958062,0.43333333333333335
s047,evaluation,2,0.1,2.3685665009519434,0.2
s047,evaluation,2,0.2,3.22337486279675,0.3
s047,evaluation,2,0.3,3.591937876507393,0.36666666666666664
s047,evaluation,2,0.5,3.837319073922584,0.43333333333333335
s047,evaluation,3,0.0,2.2047993392311547,0.36666666666666664
s047,evaluation,3,0.1,2.8579562313455513,0.2
s047,evaluation,3,0.2,3.53756637049678,0.26666666666666666
s047,evaluation,3,0.3,3.5857256618242093,0.4
s047,evaluation,3,0.5,3.587992198443214,0.4666666666666667
s047,evaluation,4,0.0,2.077899599338162,0.26666666666666666
s047,evaluation,4,0.1,2.802305923405551,0.23333333333333334
s047,evaluation,4,0.2,3.3184498003968477,0.3
s047,evaluation,4,0.3,3.55507018560189,0.4
s047,evaluation,4,0.5,3.595975950877247,0.4666666666666667
s048,evaluation,0,0.0,1.6669567842780864,0.2
s048,evaluation,0,0.1,7.928294846660489,0.1
s048,evaluation,0,0.2,7.91406406719147,0.1
s048,evaluation,0,0.3,6.9871417274072565,0.3
s048,evaluation,0,0.5,4.19990193029744,0.5
s048,evaluation,1,0.0,1.9990450874316816,0.5
s048,evaluation,1,0.1,9.414888414027239,0.1
s048,evaluation,1,0.2,6.353582026429751,0.2
s048,evaluation,1,0.3,5.348409327329732,0.2
s048,evaluation,1,0.5,5.0158979528138214,0.5
s048,evaluation,2,0.0,1.4793895377059576,0.5
s048,evaluation,2,0.1,8.960334521366027,0.1
s048,evaluation,2,0.2,7.366409785971622,0.16666666666666666
s048,evaluation,2,0.3,14.831025098340431,0.03333333333333333
s048,evaluation,2,0.5,4.32926054700757,0.5
s048,evaluation,3,0.0,1.9239340351861365,0.36666666666666664
s048,evaluation,3,0.1,6.934972277328796,0.1
s048,evaluation,3,0.2,6.734870600931834,0.1
s048,evaluation,3,0.3,4.781264428780317,0.3
s048,evaluation,3,0.5,4.258658713279769,0.5
s048,evaluation,4,0.0,1.606281154018086,0.43333333333333335
s048,evaluation,4,0.1,8.942995276710066,0.06666666666666667
s048,evaluation,4,0.2,5.4292723127422065,0.2
s048,evaluation,4,0.3,5.728472555683043,0.26666666666666666
s048,evaluation,4,0.5,4.581912042035492,0.5
s049,evaluation,0,0.0,2.3419420845276675,0.2
s049,evaluation,0,0.1,1.3857636180689965,0.4666666666666667
s049,evaluation,0,0.2,3.5755732141753254,0.2
s049,evaluation,0,0.3,4.856685535681301,0.3
s049,evaluation,0,0.5,4.394898448986932,0.5
s049,evaluation,1,0.0,12.744657358143945,0.03333333333333333
s049,evaluation,1,0.1,9.751069097754806,0.03333333333333333
s049,evaluation,1,0.2,3.5879315481139487,0.2
s049,evaluation,1,0.3,5.254327684880456,0.3
s049,evaluation,1,0.5,4.964273070236784,0.5
s049,evaluation,2,0.0,2.904652679236869,0.36666666666666664
s049,evaluation,2,0.1,1.8631608484914002,0.5
s049,evaluation,2,0.2,4.161247206745983,0.2
s049,evaluation,2,0.3,3.8146311046049837,0.3
s049,evaluation,2,0.5,5.307469948251044,0.5
s049,evaluation,3,0.0,16.933733116647907,0.03333333333333333
s049,evaluation,3,0.1,9.95063216093996,0.03333333333333333
s049,evaluation,3,0.2,3.615386877868836,0.2
s049,evaluation,3,0.3,4.268192226740604,0.26666666666666666
s049,evaluation,3,0.5,4.270870504818669,0.06666666666666667
s049,evaluation,4,0.0,9.935956085514396,0.03333333333333333
s049,evaluation,4,0.1,2.3042187581473614,0.4
s049,evaluation,4,0.2,1.431611276991614,0.5
s049,evaluation,4,0.3,3.679666813952653,0.26666666666666666
s049,evaluation,4,0.5,5.060015226654874,0.5
s050,evaluation,0,0.0,2.8686405016496996,0.1
s050,evaluation,0,0.1,3.464195248395415,0.03333333333333333
s050,evaluation,0,0.2,1.5793755025713239,0.4
s050,evaluation,0,0.3,1.8827358123153766,0.26666666666666666
s050,evaluation,0,0.5,2.2529611208717166,0.36666666666666664
s050,evaluation,1,0.0,1.2439304604732304,0.3
s050,evaluation,1,0.1,1.121074074341317,0.36666666666666664
s050,evaluation,1,0.2,1.6747550875909267,0.2
s050,evaluation,1,0.3,2.8373944916205027,0.16666666666666666
s050,evaluation,1,0.5,1.736804578402026,0.4666666666666667
s050,evaluation,2,0.0,2.1618861898131643,0.23333333333333334
s050,evaluation,2,0.1,2.843470619845374,0.13333333333333333
s050,evaluation,2,0.2,1.6162111132529218,0.5
s050,evaluation,2,0.3,2.726256231794104,0.13333333333333333
s050,evaluation,2,0.5,1.836281899869627,0.43333333333333335
s050,evaluation,3,0.0,1.7132100181047856,0.4666666666666667
s050,evaluation,3,0.1,1.6792119443195301,0.13333333333333333
s050,evaluation,3,0.2,2.4972359602446015,0.3
s050,evaluation,3,0.3,2.5127889103093244,0.23333333333333334
s050,evaluation,3,0.5,2.0919481274637644,0.43333333333333335
s050,evaluation,4,0.0,1.44166474259981,0.43333333333333335
s050,evaluation,4,0.1,1.8185889510081716,0.2
s050,evaluation,4,0.2,2.499978981263711,0.23333333333333334
s050,evaluation,4,0.3,1.8551597804672613,0.36666666666666664
s050,evaluation,4,0.5,2.012994845361657,0.43333333333333335
s051,evaluation,0,0.0,3.094157278611544,0.23333333333333334
s051,evaluation,0,0.1,2.2877571282616835,0.4666666666666667
s051,evaluation,0,0.2,3.3386009923691535,0.26666666666666666
s051,evaluation,0,0.3,3.2531325313753303,0.3333333333333333
s051,evaluation,0,0.5,4.4769067259002355,0.4666666666666667
s051,evaluation,1,0.0,2.955714897990086,0.23333333333333334
s051,evaluation,1,0.1,3.145487393227053,0.3
s051,evaluation,1,0.2,3.4806264793556063,0.26666666666666666
s051,evaluation,1,0.3,3.636985443854516,0.3
s051,evaluation,1,0.5,4.45882353750459,0.5
s051,evaluation,2,0.0,2.822142452206209,0.23333333333333334
s051,evaluation,2,0.1,4.010253193754971,0.16666666666666666
s051,evaluation,2,0.2,2.2297566187192315,0.26666666666666666
s051,evaluation,2,0.3,4.195506233528947,0.3
s051,evaluation,2,0.5,3.646090131562168,0.4666666666666667
s051,evaluation,3,0.0,2.162657283309617,0.26666666666666666
s051,evaluation,3,0.1,3.1488910790181492,0.2
s051,evaluation,3,0.2,3.2934448246125467,0.26666666666666666
s051,evaluation,3,0.3,3.8903759817211703,0.3333333333333333
s051,evaluation,3,0.5,2.830928685769359,0.4666666666666667
s051,evaluation,4,0.0,1.9722898192906582,0.36666666666666664
s051,evaluation,4,0.1,4.654695915925195,0.1
s051,evaluation,4,0.2,2.941174555786814,0.26666666666666666
s051,evaluation,4,0.3,3.6443027828408368,0.3
s051,evaluation,4,0.5,3.3739380669019314,0.4666666666666667
s052,evaluation,0,0.0,2.77316706677401,0.4
s052,evaluation,0,0.1,2.2742059228086804,0.4
s052,evaluation,0,0.2,4.030229800311438,0.2
s052,evaluation,0,0.3,3.8083088216968064,0.3
s052,evaluation,0,0.5,5.006256080857552,0.5
s052,evaluation,1,0.0,1.980867453309514,0.4
s052,evaluation,1,0.1,1.7734268472952455,0.36666666666666664
s052,evaluation,1,0.2,3.524986255271679,0.2
s052,evaluation,1,0.3,4.3666283293363,0.3
s052,evaluation,1,0.5,4.519478679489704,0.4
s052,evaluation,2,0.0,3.222072232175436,0.4666666666666667
s052,evaluation,2,0.1,3.143975763276265,0.16666666666666666
s052,evaluation,2,0.2,3.475061486566574,0.2
s052,evaluation,2,0.3,3.6208206349971785,0.3333333333333333
s052,evaluation,2,0.5,3.7476159429225517,0.5
s052,evaluation,3,0.0,2.644496801479131,0.43333333333333335
s052,evaluation,3,0.1,4.246712921292485,0.1
s052,evaluation,3,0.2,3.12530554406669,0.26666666666666666
s052,evaluation,3,0.3,4.065791624518393,0.3
s052,evaluation,3,0.5,4.537991611045718,0.5
s052,evaluation,4,0.0,2.406418080545693,0.3333333333333333
s052,evaluation,4,0.1,1.825049577004047,0.4
s052,evaluation,4,0.2,3.4760629536567462,0.2
s052,evaluation,4,0.3,3.6228601355917633,0.3
s052,evaluation,4,0.5,3.9706487164297184,0.4666666666666667
s053,evaluation,0,0.0,1.9565748044025117,0.4666666666666667
s053,evaluation,0,0.1,2.4906686750667157,0.06666666666666667
s053,evaluation,0,0.2,1.847682194252852,0.36666666666666664
s053,evaluation,0,0.3,2.484080189505601,0.2
s053,evaluation,0,0.5,1.632038108759394,0.4666666666666667
s053,evaluation,1,0.0,1.4740568304877377,0.4666666666666667
s053,evaluation,1,0.1,1.9601827700445433,0.23333333333333334
s053,evaluation,1,0.2,1.6562201218085848,0.23333333333333334
s053,evaluation,1,0.3,3.0017025490961142,0.23333333333333334
s053,evaluation,1,0.5,1.9992449325114778,0.43333333333333335
s053,evaluation,2,0.0,1.6370531890289215,0.4666666666666667
s053,evaluation,2,0.1,3.2827750326776735,0.1
s053,evaluation,2,0.2,2.976895997884968,0.16666666666666666
s053,evaluation,2,0.3,2.2985864117117516,0.23333333333333334
s053,evaluation,2,0.5,2.1074456960559123,0.3
s053,evaluation,3,0.0,1.5268417749062595,0.36666666666666664
s053,evaluation,3,0.1,1.7632414186301297,0.4
s053,evaluation,3,0.2,1.8150844405661106,0.26666666666666666
s053,evaluation,3,0.3,2.962225477519145,0.26666666666666666
s053,evaluation,3,0.5,1.2933135704981116,0.26666666666666666
s053,evaluation,4,0.0,1.8297193085032357,0.4
s053,evaluation,4,0.1,1.6358293927861887,0.3333333333333333
s053,evaluation,4,0.2,1.3169527305397781,0.4666666666666667
s053,evaluation,4,0.3,2.4143873528085122,0.3
s053,evaluation,4,0.5,2.126013165637829,0.43333333333333335
s054,evaluation,0,0.0,1.5502815752475607,0.36666666666666664
s054,evaluation,0,0.1,2.522615791804217,0.1
s054,evaluation,0,0.2,2.6303484563488753,0.2
s054,evaluation,0,0.3,2.1470006950746736,0.3
s054,evaluation,0,0.5,2.7647979490556627,0.4
s054,evaluation,1,0.0,1.9633057634634485,0.36666666666666664
s054,evaluation,1,0.1,3.013867562236081,0.1
s054,evaluation,1,0.2,2.720187573914088,0.2
s054,evaluation,1,0.3,3.2251316119985343,0.26666666666666666
s054,evaluation,1,0.5,3.3589926819660763,0.4666666666666667
s054,evaluation,2,0.0,2.096453725931393,0.23333333333333334
s054,evaluation,2,0.1,1.3275392953978267,0.3333333333333333
s054,evaluation,2,0.2,2.493916910921903,0.2
s054,evaluation,2,0.3,2.5938273040067483,0.3
s054,evaluation,2,0.5,3.169459699451935,0.43333333333333335
s054,evaluation,3,0.0,2.0578435928485184,0.26666666666666666
s054,evaluation,3,0.1,1.1754017792969031,0.36666666666666664
s054,evaluation,3,0.2,3.156150592282476,0.2
s054,evaluation,3,0.3,3.0387171549778778,0.2
s054,evaluation,3,0.5,2.74845211606877,0.5
s054,evaluation,4,0.0,1.440888991862497,0.4
s054,evaluation,4,0.1,2.7600069611760505,0.1
s054,evaluation,4,0.2,2.269525173711341,0.2
s054,evaluation,4,0.3,2.894431638246849,0.26666666666666666
s054,evaluation,4,0.5,2.82403800553242,0.4666666666666667
s055,evaluation,0,0.0,2.102149539362801,0.3333333333333333
s055,evaluation,0,0.1,2.043026365433412,0.26666666666666666
s055,evaluation,0,0.2,3.3888394213227517,0.06666666666666667
s055,evaluation,0,0.3,2.977998038059531,0.23333333333333334
s055,evaluation,0,0.5,3.284041275323654,0.23333333333333334
s055,evaluation,1,0.0,1.803030670397967,0.43333333333333335
s055,evaluation,1,0.1,1.7182361609428793,0.3
s055,evaluation,1,0.2,3.927848923116171,0.06666666666666667
s055,evaluation,1,0.3,3.4176710231992407,0.3
s055,evaluation,1,0.5,2.0291925613628674,0.3333333333333333
s055,evaluation,2,0.0,3.8138511714956578,0.1
s055,evaluation,2,0.1,3.579174539468064,0.16666666666666666
s055,evaluation,2,0.2,3.9927000502668095,0.16666666666666666
s055,evaluation,2,0.3,1.862690337676007,0.3333333333333333
s055,evaluation,2,0.5,2.8291079346524968,0.23333333333333334
s055,evaluation,3,0.0,1.500980850494918,0.36666666666666664
s055,evaluation,3,0.1,3.6412060844877416,0.2
s055,evaluation,3,0.2,2.280089111463131,0.3333333333333333
s055,evaluation,3,0.3,3.0278893892022154,0.2
s055,evaluation,3,0.5,3.2464677751576176,0.3
s055,evaluation,4,0.0,2.1111395055013107,0.23333333333333334
s055,evaluation,4,0.1,2.126041091955881,0.23333333333333334
s055,evaluation,4,0.2,2.9586171677870525,0.13333333333333333
s055,evaluation,4,0.3,3.291918689878278,0.13333333333333333
s055,evaluation,4,0.5,2.473013246587263,0.23333333333333334
s056,evaluation,0,0.0,2.3853168907927285,0.4666666666666667
s056,evaluation,0,0.1,2.3941307366764564,0.43333333333333335
s056,evaluation,0,0.2,2.043357757041598,0.26666666666666666
s056,evaluation,0,0.3,1.8688520335677787,0.4666666666666667
s056,evaluation,0,0.5,1.3557649035491555,0.4
s056,evaluation,1,0.0,2.286995451815842,0.3
s056,evaluation,1,0.1,2.0106975150061457,0.43333333333333335
s056,evaluation,1,0.2,2.2885274942257405,0.2
s056,evaluation,1,0.3,2.0182424307758615,0.5
s056,evaluation,1,0.5,2.1100639403664454,0.36666666666666664
s056,evaluation,2,0.0,1.542972937180898,0.4666666666666667
s056,evaluation,2,0.1,1.7748816563090097,0.4666666666666667
s056,evaluation,2,0.2,2.2345917252491847,0.5
s056,evaluation,2,0.3,2.1530249353486584,0.3
s056,evaluation,2,0.5,1.5419325465827818,0.3
s056,evaluation,3,0.0,1.8072572974013175,0.3333333333333333
s056,evaluation,3,0.1,1.6785776219691404,0.43333333333333335
s056,evaluation,3,0.2,2.4978000127726796,0.4666666666666667
s056,evaluation,3,0.3,1.9159955750771798,0.36666666666666664
s056,evaluation,3,0.5,1.8795989776367872,0.4
s056,evaluation,4,0.0,2.1108041362239303,0.4
s056,evaluation,4,0.1,2.0460495158572978,0.43333333333333335
s056,evaluation,4,0.2,2.0298896381125733,0.36666666666666664
s056,evaluation,4,0.3,1.9642231516205442,0.43333333333333335
s056,evaluation,4,0.5,2.1580423947649394,0.23333333333333334
s057,evaluation,0,0.0,1.9363607975703372,0.4666666666666667
s057,evaluation,0,0.1,3.966282793837736,0.06666666666666667
s057,evaluation,0,0.2,2.9500001121830337,0.36666666666666664
s057,evaluation,0,0.3,2.796161810357048,0.3
s057,evaluation,0,0.5,3.391361602478377,0.26666666666666666
s057,evaluation,1,0.0,2.079615953035541,0.4666666666666667
s057,evaluation,1,0.1,2.7960826110067503,0.4
s057,evaluation,1,0.2,2.6924331105243584,0.43333333333333335
s057,evaluation,1,0.3,2.5137792364484497,0.4
s057,evaluation,1,0.5,1.9438592226032971,0.4666666666666667
s057,evaluation,2,0.0,2.6095620018273604,0.5
s057,evaluation,2,0.1,2.8203498706344994,0.36666666666666664
s057,evaluation,2,0.2,2.744152322279255,0.5
s057,evaluation,2,0.3,2.470454325760218,0.4666666666666667
s057,evaluation,2,0.5,2.000032561232886,0.26666666666666666
s057,evaluation,3,0.0,2.598381861900661,0.43333333333333335
s057,evaluation,3,0.1,2.73991853429828,0.3333333333333333
s057,evaluation,3,0.2,4.079415955259789,0.23333333333333334
s057,evaluation,3,0.3,2.4621020332457064,0.4
s057,evaluation,3,0.5,2.4394550921779423,0.2
s057,evaluation,4,0.0,2.6990985231383626,0.4666666666666667
s057,evaluation,4,0.1,3.3077505326229493,0.16666666666666666
s057,evaluation,4,0.2,2.367866978743765,0.5
s057,evaluation,4,0.3,2.8902097645828393,0.4
s057,evaluation,4,0.5,2.0653144498250158,0.4666666666666667
