arm,policy,runs,pairs,impersonation_mean,baseline_impersonation_mean,false_rejection_mean,threshold_ratio_median,displacement_median,scale_change_median,saturations_mean,impersonation_lo,impersonation_hi,false_rejection_lo,false_rejection_hi
legacy,P0,510,51,0.40068627450980393,0.40068627450980393,0.35627450980392156,1.0,0.0,0.0,0.0,0.332640931372549,0.471765931372549,0.29637254901960786,0.4161813725490196
legacy,P1,510,51,0.8347254901960784,0.40068627450980393,0.2838039215686275,1.0,2.2431459357891352,0.0,0.0,0.7925188725490195,0.8721083333333333,0.21169852941176476,0.3560372549019607
legacy,P2,510,51,0.7359411764705882,0.40068627450980393,0.14641176470588235,1.0,1.8494877069374547,0.0,0.0,0.6784311274509804,0.7923801470588235,0.10570588235294119,0.188768137254902
legacy,P3,510,51,0.6451470588235294,0.40068627450980393,0.0826078431372549,1.0,1.6245816444631243,0.0,11.25686274509804,0.5803426470588237,0.7094634803921568,0.06005245098039216,0.11073480392156859
production,P0,510,51,0.40068627450980393,0.40068627450980393,0.35627450980392156,1.0,0.0,0.0,0.0,0.332640931372549,0.471765931372549,0.29637254901960786,0.4161813725490196
production,P1,510,51,0.9080882352941176,0.40068627450980393,0.07100000000000002,1.3509185672986102,2.0242839182929218,0.0,0.0,0.8689365196078433,0.9381938725490196,0.042424509803921574,0.10392303921568628
production,P2,510,51,0.8887549019607843,0.40068627450980393,0.05931372549019608,1.332105453127408,1.8970148342563324,0.0,0.0,0.8461411764705881,0.9232379901960787,0.0359794117647059,0.08610098039215684
production,P3,510,51,0.8844509803921569,0.40068627450980393,0.09384313725490197,1.339965876775336,1.917226047785402,0.0,1.2215686274509805,0.8395191176470589,0.9219522058823529,0.06038970588235292,0.13050147058823527
recalculated,P0,510,51,0.40068627450980393,0.40068627450980393,0.35627450980392156,1.0,0.0,0.0,0.0,0.332640931372549,0.471765931372549,0.29637254901960786,0.4161813725490196
recalculated,P1,510,51,0.9080882352941176,0.40068627450980393,0.07100000000000002,1.3509185672986102,2.0242839182929218,0.0,0.0,0.8689365196078433,0.9381938725490196,0.042424509803921574,0.10392303921568628
recalculated,P2,510,51,0.8887549019607843,0.40068627450980393,0.05931372549019608,1.332105453127408,1.8970148342563324,0.0,0.0,0.8461411764705881,0.9232379901960787,0.0359794117647059,0.08610098039215684
recalculated,P3,510,51,0.743813725490196,0.40068627450980393,0.06400000000000002,1.2527645371078582,1.627525452929343,0.0,11.215686274509803,0.6802002450980392,0.8038365196078433,0.038252941176470594,0.09573382352941173
