arm,policy,runs,pairs,impersonation_mean,baseline_impersonation_mean,false_rejection_mean,threshold_ratio_median,displacement_median,scale_change_median,saturations_mean,reanchors_mean,impersonation_lo,impersonation_hi,false_rejection_lo,false_rejection_hi
legacy,P0,102,51,0.42196078431372547,0.42196078431372547,0.14549019607843136,1.0,0.0,0.0,0.0,0.0,0.3500477941176471,0.4938872549019607,0.10842892156862743,0.18539460784313727
legacy,P1,102,51,0.8476960784313726,0.42196078431372547,0.29421568627450984,1.0,1.7023170644230339,0.0,0.0,0.0,0.8048002450980393,0.889610294117647,0.21861274509803924,0.3734362745098039
legacy,P2,102,51,0.7813235294117646,0.42196078431372547,0.14901960784313725,1.0,1.595523073685869,0.0,0.0,0.0,0.7242132352941174,0.8344656862745097,0.10774509803921568,0.1942156862745098
legacy,P3,102,51,0.6662254901960785,0.42196078431372547,0.05509803921568628,1.0,1.2203611892712705,0.0,11.813725490196079,12.92156862745098,0.5946017156862745,0.7334889705882351,0.042448529411764704,0.06990441176470587
production,P0,102,51,0.42196078431372547,0.42196078431372547,0.14549019607843136,1.0,0.0,0.0,0.0,0.0,0.3500477941176471,0.4938872549019607,0.10842892156862743,0.18539460784313727
production,P1,102,51,0.9285294117647058,0.42196078431372547,0.05950980392156864,1.1626089388595395,1.6379522842031422,0.0,0.0,0.0,0.9091654411764706,0.9461789215686273,0.04284313725490198,0.07960784313725491
production,P2,102,51,0.9187254901960784,0.42196078431372547,0.055588235294117654,1.1566732010963174,1.6307322799400463,0.0,0.0,0.0,0.8974987745098038,0.9383382352941178,0.040196078431372566,0.0737279411764706
production,P3,102,51,0.8680392156862746,0.42196078431372547,0.05421568627450982,1.1592005606638387,1.6009406237665822,0.0,0.058823529411764705,20.0,0.8295955882352942,0.9029424019607842,0.038039215686274525,0.07392647058823527
recalculated,P0,102,51,0.42196078431372547,0.42196078431372547,0.14549019607843136,1.0,0.0,0.0,0.0,0.0,0.3500477941176471,0.4938872549019607,0.10842892156862743,0.18539460784313727
recalculated,P1,102,51,0.9285294117647058,0.42196078431372547,0.05950980392156864,1.1626089388595395,1.6379522842031422,0.0,0.0,0.0,0.9091654411764706,0.9461789215686273,0.04284313725490198,0.07960784313725491
recalculated,P2,102,51,0.9187254901960784,0.42196078431372547,0.055588235294117654,1.1566732010963174,1.6307322799400463,0.0,0.0,0.0,0.8974987745098038,0.9383382352941178,0.040196078431372566,0.0737279411764706
recalculated,P3,102,51,0.729264705882353,0.42196078431372547,0.04107843137254903,1.0871432358991513,1.221705204190693,0.0,11.784313725490197,12.92156862745098,0.6610171568627452,0.7909424019607844,0.03176470588235295,0.051767156862745106
